[{"model": "contenttypes.contenttype", "pk": 1, "fields": {"app_label": "auth", "model": "permission"}}, {"model": "contenttypes.contenttype", "pk": 2, "fields": {"app_label": "auth", "model": "group"}}, {"model": "contenttypes.contenttype", "pk": 3, "fields": {"app_label": "contenttypes", "model": "contenttype"}}, {"model": "contenttypes.contenttype", "pk": 4, "fields": {"app_label": "users", "model": "customuser"}}, {"model": "contenttypes.contenttype", "pk": 5, "fields": {"app_label": "skills", "model": "skill"}}, {"model": "contenttypes.contenttype", "pk": 6, "fields": {"app_label": "skills", "model": "skilledge"}}, {"model": "contenttypes.contenttype", "pk": 7, "fields": {"app_label": "userprofiles", "model": "skillfulness"}}, {"model": "contenttypes.contenttype", "pk": 8, "fields": {"app_label": "userprofiles", "model": "userprofile"}}, {"model": "contenttypes.contenttype", "pk": 9, "fields": {"app_label": "admin", "model": "logentry"}}, {"model": "contenttypes.contenttype", "pk": 10, "fields": {"app_label": "sessions", "model": "session"}}, {"model": "contenttypes.contenttype", "pk": 11, "fields": {"app_label": "questions", "model": "answer"}}, {"model": "contenttypes.contenttype", "pk": 12, "fields": {"app_label": "questions", "model": "image"}}, {"model": "contenttypes.contenttype", "pk": 13, "fields": {"app_label": "questions", "model": "question"}}, {"model": "contenttypes.contenttype", "pk": 14, "fields": {"app_label": "lessons", "model": "lesson"}}, {"model": "contenttypes.contenttype", "pk": 15, "fields": {"app_label": "sites", "model": "site"}}, {"model": "contenttypes.contenttype", "pk": 16, "fields": {"app_label": "authtoken", "model": "token"}}, {"model": "contenttypes.contenttype", "pk": 17, "fields": {"app_label": "units", "model": "unit"}}, {"model": "contenttypes.contenttype", "pk": 18, "fields": {"app_label": "curricula", "model": "curriculum"}}, {"model": "contenttypes.contenttype", "pk": 19, "fields": {"app_label": "subjects", "model": "subject"}}, {"model": "contenttypes.contenttype", "pk": 20, "fields": {"app_label": "lessons", "model": "lessonimage"}}, {"model": "contenttypes.contenttype", "pk": 21, "fields": {"app_label": "pages", "model": "questionbugreport"}}, {"model": "contenttypes.contenttype", "pk": 22, "fields": {"app_label": "pages", "model": "generalbugreport"}}, {"model": "contenttypes.contenttype", "pk": 23, "fields": {"app_label": "userprofiles", "model": "currentlystudying"}}, {"model": "sessions.session", "pk": "1v5fyi8ozyrg5335k4udeyeb1svx4t23", "fields": {"session_data": "ZTFjZDk5YTAyNGI0YzM5ZGVmM2YzZWY3YzljMzc5OWM2NjZjMjg3NTp7Il9hdXRoX3VzZXJfaWQiOiIxIiwiX2F1dGhfdXNlcl9iYWNrZW5kIjoiZGphbmdvLmNvbnRyaWIuYXV0aC5iYWNrZW5kcy5Nb2RlbEJhY2tlbmQiLCJfYXV0aF91c2VyX2hhc2giOiJjNWNmN2Q3YTU1N2MzNjQ4ODM2NmZiMjg1MmVkMDBlMjAxYmVjMDRmIn0=", "expire_date": "2020-05-01T01:01:25.667Z"}}, {"model": "sessions.session", "pk": "4bc2kk22zaw7fg4ct4jfj6vweqwuyvpa", "fields": {"session_data": "ZTFjZDk5YTAyNGI0YzM5ZGVmM2YzZWY3YzljMzc5OWM2NjZjMjg3NTp7Il9hdXRoX3VzZXJfaWQiOiIxIiwiX2F1dGhfdXNlcl9iYWNrZW5kIjoiZGphbmdvLmNvbnRyaWIuYXV0aC5iYWNrZW5kcy5Nb2RlbEJhY2tlbmQiLCJfYXV0aF91c2VyX2hhc2giOiJjNWNmN2Q3YTU1N2MzNjQ4ODM2NmZiMjg1MmVkMDBlMjAxYmVjMDRmIn0=", "expire_date": "2020-04-10T10:03:40.947Z"}}, {"model": "sessions.session", "pk": "hpvhqubo33ttfjq3tfrfbw3noi6nbdht", "fields": {"session_data": "Njk5NjA0MTUwMDRmMDMxMDRiY2IwZjBmN2M0ZmFiY2Q3Nzg0ZTE5ZDp7fQ==", "expire_date": "2020-05-03T11:44:59.677Z"}}, {"model": "sessions.session", "pk": "i3ecjtqo71q49tuek4g5k17vjbncao4l", "fields": {"session_data": "Njk5NjA0MTUwMDRmMDMxMDRiY2IwZjBmN2M0ZmFiY2Q3Nzg0ZTE5ZDp7fQ==", "expire_date": "2020-04-21T01:26:00.077Z"}}, {"model": "sessions.session", "pk": "js2ifd689y8unb1u3zen0zvi30u0p8yd", "fields": {"session_data": "ZTFjZDk5YTAyNGI0YzM5ZGVmM2YzZWY3YzljMzc5OWM2NjZjMjg3NTp7Il9hdXRoX3VzZXJfaWQiOiIxIiwiX2F1dGhfdXNlcl9iYWNrZW5kIjoiZGphbmdvLmNvbnRyaWIuYXV0aC5iYWNrZW5kcy5Nb2RlbEJhY2tlbmQiLCJfYXV0aF91c2VyX2hhc2giOiJjNWNmN2Q3YTU1N2MzNjQ4ODM2NmZiMjg1MmVkMDBlMjAxYmVjMDRmIn0=", "expire_date": "2020-05-08T06:49:25.707Z"}}, {"model": "sessions.session", "pk": "nm7by6vq0xz3gsghnzraqzh2gxug45f9", "fields": {"session_data": "ZTFjZDk5YTAyNGI0YzM5ZGVmM2YzZWY3YzljMzc5OWM2NjZjMjg3NTp7Il9hdXRoX3VzZXJfaWQiOiIxIiwiX2F1dGhfdXNlcl9iYWNrZW5kIjoiZGphbmdvLmNvbnRyaWIuYXV0aC5iYWNrZW5kcy5Nb2RlbEJhY2tlbmQiLCJfYXV0aF91c2VyX2hhc2giOiJjNWNmN2Q3YTU1N2MzNjQ4ODM2NmZiMjg1MmVkMDBlMjAxYmVjMDRmIn0=", "expire_date": "2020-05-08T18:06:40.072Z"}}, {"model": "sites.site", "pk": 1, "fields": {"domain": "example.com", "name": "example.com"}}, {"model": "userprofiles.skillfulness", "pk": 1, "fields": {"user_profile": 1, "skill": 1, "skill_level": "0.800", "_order": 0}}, {"model": "userprofiles.skillfulness", "pk": 2, "fields": {"user_profile": 1, "skill": 2, "skill_level": "0.800", "_order": 0}}, {"model": "userprofiles.skillfulness", "pk": 3, "fields": {"user_profile": 1, "skill": 3, "skill_level": "0.800", "_order": 0}}, {"model": "userprofiles.skillfulness", "pk": 4, "fields": {"user_profile": 1, "skill": 4, "skill_level": "0.800", "_order": 0}}, {"model": "userprofiles.skillfulness", "pk": 5, "fields": {"user_profile": 1, "skill": 5, "skill_level": "0.000", "_order": 0}}, {"model": "userprofiles.skillfulness", "pk": 6, "fields": {"user_profile": 1, "skill": 6, "skill_level": "0.000", "_order": 0}}, {"model": "userprofiles.skillfulness", "pk": 7, "fields": {"user_profile": 1, "skill": 7, "skill_level": "0.800", "_order": 0}}, {"model": "userprofiles.skillfulness", "pk": 8, "fields": {"user_profile": 1, "skill": 8, "skill_level": "0.000", "_order": 0}}, {"model": "userprofiles.skillfulness", "pk": 10, "fields": {"user_profile": 1, "skill": 10, "skill_level": "0.800", "_order": 0}}, {"model": "userprofiles.skillfulness", "pk": 11, "fields": {"user_profile": 2, "skill": 8, "skill_level": "0.000", "_order": 1}}, {"model": "userprofiles.skillfulness", "pk": 12, "fields": {"user_profile": 2, "skill": 1, "skill_level": "0.000", "_order": 1}}, {"model": "userprofiles.skillfulness", "pk": 13, "fields": {"user_profile": 2, "skill": 7, "skill_level": "0.000", "_order": 1}}, {"model": "userprofiles.skillfulness", "pk": 14, "fields": {"user_profile": 2, "skill": 5, "skill_level": "0.000", "_order": 1}}, {"model": "userprofiles.skillfulness", "pk": 15, "fields": {"user_profile": 2, "skill": 3, "skill_level": "0.000", "_order": 1}}, {"model": "userprofiles.skillfulness", "pk": 16, "fields": {"user_profile": 2, "skill": 2, "skill_level": "0.000", "_order": 1}}, {"model": "userprofiles.skillfulness", "pk": 17, "fields": {"user_profile": 2, "skill": 10, "skill_level": "0.000", "_order": 1}}, {"model": "userprofiles.skillfulness", "pk": 18, "fields": {"user_profile": 2, "skill": 6, "skill_level": "0.000", "_order": 1}}, {"model": "userprofiles.skillfulness", "pk": 19, "fields": {"user_profile": 2, "skill": 4, "skill_level": "0.000", "_order": 1}}, {"model": "userprofiles.currentlystudying", "pk": 2, "fields": {"user_profile": 1, "curriculum": 1, "test_date": null}}, {"model": "skills.skill", "pk": 1, "fields": {"subject": 1, "name": "Numbers and Digits", "topological_order": 1, "ancestor_ids": "[]", "parents": "[]", "children": "[\"7\", \"5\", \"3\", \"2\"]", "descendant_ids": "[\"2\", \"3\", \"4\", \"5\", \"6\", \"7\", \"10\"]"}}, {"model": "skills.skill", "pk": 2, "fields": {"subject": 1, "name": "Place Value", "topological_order": 5, "ancestor_ids": "[\"1\"]", "parents": "[\"1\"]", "children": "[\"10\", \"6\", \"4\"]", "descendant_ids": "[\"10\", \"4\", \"6\"]"}}, {"model": "skills.skill", "pk": 3, "fields": {"subject": 1, "name": "Comparison Signs Introduction", "topological_order": 4, "ancestor_ids": "[\"1\"]", "parents": "[\"1\"]", "children": "[\"10\", \"4\"]", "descendant_ids": "[\"10\", \"4\"]"}}, {"model": "skills.skill", "pk": 4, "fields": {"subject": 1, "name": "Comparing Multi-digit Numbers", "topological_order": 8, "ancestor_ids": "[\"1\", \"2\", \"3\"]", "parents": "[\"3\", \"2\"]", "children": "[]", "descendant_ids": "[]"}}, {"model": "skills.skill", "pk": 5, "fields": {"subject": 1, "name": "Addition Introduction", "topological_order": 3, "ancestor_ids": "[\"1\"]", "parents": "[\"1\"]", "children": "[\"6\"]", "descendant_ids": "[\"6\"]"}}, {"model": "skills.skill", "pk": 6, "fields": {"subject": 1, "name": "Long Addition", "topological_order": 7, "ancestor_ids": "[\"1\", \"2\", \"5\"]", "parents": "[\"5\", \"2\"]", "children": "[]", "descendant_ids": "[]"}}, {"model": "skills.skill", "pk": 7, "fields": {"subject": 1, "name": "Subtraction Introduction", "topological_order": 2, "ancestor_ids": "[\"1\"]", "parents": "[\"1\"]", "children": "[\"10\"]", "descendant_ids": "[\"10\"]"}}, {"model": "skills.skill", "pk": 8, "fields": {"subject": 1, "name": "Recognizing Basic Shapes", "topological_order": 0, "ancestor_ids": "[]", "parents": "[]", "children": "[]", "descendant_ids": "[]"}}, {"model": "skills.skill", "pk": 10, "fields": {"subject": 1, "name": "Long Subtraction", "topological_order": 6, "ancestor_ids": "[\"1\", \"2\", \"3\", \"7\"]", "parents": "[\"7\", \"3\", \"2\"]", "children": "[]", "descendant_ids": "[]"}}, {"model": "skills.skilledge", "pk": 1, "fields": {"parent_skill": 1, "child_skill": 2, "same_subject": true}}, {"model": "skills.skilledge", "pk": 2, "fields": {"parent_skill": 1, "child_skill": 3, "same_subject": true}}, {"model": "skills.skilledge", "pk": 3, "fields": {"parent_skill": 3, "child_skill": 4, "same_subject": true}}, {"model": "skills.skilledge", "pk": 4, "fields": {"parent_skill": 2, "child_skill": 4, "same_subject": true}}, {"model": "skills.skilledge", "pk": 5, "fields": {"parent_skill": 1, "child_skill": 5, "same_subject": true}}, {"model": "skills.skilledge", "pk": 6, "fields": {"parent_skill": 5, "child_skill": 6, "same_subject": true}}, {"model": "skills.skilledge", "pk": 7, "fields": {"parent_skill": 2, "child_skill": 6, "same_subject": true}}, {"model": "skills.skilledge", "pk": 8, "fields": {"parent_skill": 1, "child_skill": 7, "same_subject": true}}, {"model": "skills.skilledge", "pk": 15, "fields": {"parent_skill": 7, "child_skill": 10, "same_subject": true}}, {"model": "skills.skilledge", "pk": 16, "fields": {"parent_skill": 2, "child_skill": 10, "same_subject": true}}, {"model": "skills.skilledge", "pk": 17, "fields": {"parent_skill": 3, "child_skill": 10, "same_subject": true}}, {"model": "questions.question", "pk": 1, "fields": {"skill": 1, "question_type": "MC", "question_prompt": "Which of the following is a number?", "prompt_image": "", "is_mastery": false, "discrimination": "1.000", "pseudochance": "0.250"}}, {"model": "questions.question", "pk": 2, "fields": {"skill": 1, "question_type": "MC", "question_prompt": "Which of the following is a number?", "prompt_image": "", "is_mastery": false, "discrimination": "1.000", "pseudochance": "0.250"}}, {"model": "questions.question", "pk": 3, "fields": {"skill": 1, "question_type": "MC", "question_prompt": "Which of the following is NOT a number?", "prompt_image": "", "is_mastery": false, "discrimination": "1.000", "pseudochance": "0.250"}}, {"model": "questions.question", "pk": 4, "fields": {"skill": 1, "question_type": "MC", "question_prompt": "Which of the following is NOT a number?", "prompt_image": "", "is_mastery": false, "discrimination": "1.000", "pseudochance": "0.250"}}, {"model": "questions.question", "pk": 5, "fields": {"skill": 1, "question_type": "MC", "question_prompt": "Select the digit that represents the number eight.", "prompt_image": "", "is_mastery": false, "discrimination": "1.000", "pseudochance": "0.250"}}, {"model": "questions.question", "pk": 6, "fields": {"skill": 1, "question_type": "MC", "question_prompt": "Select the digit that represents the number four.", "prompt_image": "", "is_mastery": false, "discrimination": "1.000", "pseudochance": "0.250"}}, {"model": "questions.question", "pk": 7, "fields": {"skill": 1, "question_type": "MC", "question_prompt": "Select the number that corresponds to the digit 3.", "prompt_image": "", "is_mastery": false, "discrimination": "1.000", "pseudochance": "0.250"}}, {"model": "questions.question", "pk": 8, "fields": {"skill": 1, "question_type": "MC", "question_prompt": "Select the number that corresponds to the digit 6.", "prompt_image": "", "is_mastery": false, "discrimination": "1.000", "pseudochance": "0.250"}}, {"model": "questions.question", "pk": 9, "fields": {"skill": 1, "question_type": "NI", "question_prompt": "Write the digit that corresponds to the number three.", "prompt_image": "", "is_mastery": false, "discrimination": "1.000", "pseudochance": "0.000"}}, {"model": "questions.question", "pk": 10, "fields": {"skill": 1, "question_type": "NI", "question_prompt": "Write the digit that corresponds to the number nine.", "prompt_image": "", "is_mastery": false, "discrimination": "1.000", "pseudochance": "0.000"}}, {"model": "questions.question", "pk": 11, "fields": {"skill": 1, "question_type": "NI", "question_prompt": "Write the digit that corresponds to the number two.", "prompt_image": "", "is_mastery": false, "discrimination": "1.000", "pseudochance": "0.000"}}, {"model": "questions.question", "pk": 12, "fields": {"skill": 2, "question_type": "NI", "question_prompt": "Write the number twelve using digits.", "prompt_image": "", "is_mastery": false, "discrimination": "1.000", "pseudochance": "0.000"}}, {"model": "questions.question", "pk": 13, "fields": {"skill": 2, "question_type": "NI", "question_prompt": "Write the number thirteen using digits", "prompt_image": "", "is_mastery": false, "discrimination": "1.000", "pseudochance": "0.000"}}, {"model": "questions.question", "pk": 14, "fields": {"skill": 2, "question_type": "NI", "question_prompt": "Write the number twenty-three using digits.", "prompt_image": "", "is_mastery": false, "discrimination": "1.000", "pseudochance": "0.000"}}, {"model": "questions.question", "pk": 15, "fields": {"skill": 2, "question_type": "NI", "question_prompt": "Write the number seventy-four using digits.", "prompt_image": "", "is_mastery": false, "discrimination": "1.000", "pseudochance": "0.000"}}, {"model": "questions.question", "pk": 16, "fields": {"skill": 2, "question_type": "NI", "question_prompt": "Write the number two-hundred seventy using digits.", "prompt_image": "", "is_mastery": false, "discrimination": "1.000", "pseudochance": "0.000"}}, {"model": "questions.question", "pk": 17, "fields": {"skill": 2, "question_type": "NI", "question_prompt": "Write the number three-thousand nineteen using digits.", "prompt_image": "", "is_mastery": false, "discrimination": "1.000", "pseudochance": "0.000"}}, {"model": "questions.question", "pk": 18, "fields": {"skill": 2, "question_type": "NI", "question_prompt": "What is the digit in the ones' place in 42?", "prompt_image": "", "is_mastery": false, "discrimination": "1.000", "pseudochance": "0.000"}}, {"model": "questions.question", "pk": 19, "fields": {"skill": 2, "question_type": "NI", "question_prompt": "What is the digit in the tens' place in 90?", "prompt_image": "", "is_mastery": false, "discrimination": "1.000", "pseudochance": "0.000"}}, {"model": "questions.question", "pk": 20, "fields": {"skill": 2, "question_type": "NI", "question_prompt": "What is the digit in the hundreds' place in 1945?", "prompt_image": "", "is_mastery": false, "discrimination": "1.000", "pseudochance": "0.000"}}, {"model": "questions.question", "pk": 21, "fields": {"skill": 2, "question_type": "NI", "question_prompt": "A two-digit number has the digit 2 in its tens' place and the digit 7 in its ones' place. Write down this number using digits.", "prompt_image": "", "is_mastery": false, "discrimination": "1.000", "pseudochance": "0.000"}}, {"model": "questions.question", "pk": 22, "fields": {"skill": 2, "question_type": "NI", "question_prompt": "A three-digit number has the digit 2 in its hundreds' place, the digit 5 in its tens' place, and the digit 3 in its ones' place. Write down this number using digits.", "prompt_image": "", "is_mastery": false, "discrimination": "1.000", "pseudochance": "0.000"}}, {"model": "questions.question", "pk": 23, "fields": {"skill": 2, "question_type": "NI", "question_prompt": "A three-digit number has the digit 4 in its ones' place, the digit 0 in its tens' place, and the digit 1 in its hundreds' place. Write down this number using digits.", "prompt_image": "", "is_mastery": true, "discrimination": "1.000", "pseudochance": "0.000"}}, {"model": "questions.question", "pk": 24, "fields": {"skill": 3, "question_type": "MC", "question_prompt": "Which number below is greater than 6?", "prompt_image": "", "is_mastery": false, "discrimination": "1.000", "pseudochance": "0.250"}}, {"model": "questions.question", "pk": 25, "fields": {"skill": 3, "question_type": "MC", "question_prompt": "Which number below is less than 7?", "prompt_image": "", "is_mastery": false, "discrimination": "1.000", "pseudochance": "0.250"}}, {"model": "questions.question", "pk": 26, "fields": {"skill": 3, "question_type": "MC", "question_prompt": "Which sign should go in the box below?\r\n$$ 5 \\square 5 $$", "prompt_image": "", "is_mastery": false, "discrimination": "1.000", "pseudochance": "0.250"}}, {"model": "questions.question", "pk": 27, "fields": {"skill": 3, "question_type": "MC", "question_prompt": "Which sign should go in the box below?\r\n$$ 6 \\square 0 $$", "prompt_image": "", "is_mastery": false, "discrimination": "1.000", "pseudochance": "0.250"}}, {"model": "questions.question", "pk": 28, "fields": {"skill": 5, "question_type": "MC", "question_prompt": "Which of the following is the plus sign?", "prompt_image": "", "is_mastery": false, "discrimination": "1.000", "pseudochance": "0.250"}}, {"model": "questions.question", "pk": 29, "fields": {"skill": 5, "question_type": "NI", "question_prompt": "Fill in the blank.\r\n$$ 6 + 2 = \\square $$", "prompt_image": "", "is_mastery": false, "discrimination": "1.000", "pseudochance": "0.000"}}, {"model": "questions.question", "pk": 30, "fields": {"skill": 5, "question_type": "NI", "question_prompt": "Fill in the blank.\r\n$$ 1 + 6 = \\square $$", "prompt_image": "", "is_mastery": false, "discrimination": "1.000", "pseudochance": "0.000"}}, {"model": "questions.question", "pk": 31, "fields": {"skill": 5, "question_type": "NI", "question_prompt": "Fill in the blank.\r\n$$ 2 + 1 = \\square $$", "prompt_image": "", "is_mastery": false, "discrimination": "1.000", "pseudochance": "0.000"}}, {"model": "questions.question", "pk": 32, "fields": {"skill": 5, "question_type": "NI", "question_prompt": "Fill in the blank.\r\n$$ 3 + \\square = 5 $$", "prompt_image": "", "is_mastery": false, "discrimination": "1.000", "pseudochance": "0.000"}}, {"model": "questions.question", "pk": 33, "fields": {"skill": 5, "question_type": "NI", "question_prompt": "Fill in the blank.\r\n$$ 1 + \\square = 5 $$", "prompt_image": "", "is_mastery": false, "discrimination": "1.000", "pseudochance": "0.000"}}, {"model": "questions.question", "pk": 34, "fields": {"skill": 5, "question_type": "NI", "question_prompt": "Fill in the blank.\r\n$$ 9 + \\square = 9 $$", "prompt_image": "", "is_mastery": false, "discrimination": "1.000", "pseudochance": "0.000"}}, {"model": "questions.question", "pk": 35, "fields": {"skill": 5, "question_type": "NI", "question_prompt": "Fill in the blank.\r\n$$ 2 + 2 = \\square $$", "prompt_image": "", "is_mastery": false, "discrimination": "1.000", "pseudochance": "0.000"}}, {"model": "questions.question", "pk": 36, "fields": {"skill": 6, "question_type": "NI", "question_prompt": "Fill in the blank:\r\n$$ 18 + 10 = \\square $$", "prompt_image": "", "is_mastery": false, "discrimination": "1.000", "pseudochance": "0.000"}}, {"model": "questions.question", "pk": 37, "fields": {"skill": 6, "question_type": "NI", "question_prompt": "Fill in the blank:\r\n$$ 19 + 23 = \\square $$", "prompt_image": "", "is_mastery": false, "discrimination": "1.000", "pseudochance": "0.000"}}, {"model": "questions.question", "pk": 38, "fields": {"skill": 6, "question_type": "NI", "question_prompt": "Fill in the blank:\r\n$$ 182 + 34 = \\square $$", "prompt_image": "", "is_mastery": false, "discrimination": "1.000", "pseudochance": "0.000"}}, {"model": "questions.question", "pk": 39, "fields": {"skill": 6, "question_type": "NI", "question_prompt": "Fill in the blank:\r\n$$ 695 + 26 = \\square $$", "prompt_image": "", "is_mastery": false, "discrimination": "1.000", "pseudochance": "0.000"}}, {"model": "questions.question", "pk": 40, "fields": {"skill": 6, "question_type": "NI", "question_prompt": "Fill in the blank:\r\n$$ 55 + 155 = \\square $$", "prompt_image": "", "is_mastery": false, "discrimination": "1.000", "pseudochance": "0.000"}}, {"model": "questions.question", "pk": 41, "fields": {"skill": 6, "question_type": "NI", "question_prompt": "Fill in the blank:\r\n$$ 369 + 1024 = \\square $$", "prompt_image": "", "is_mastery": true, "discrimination": "1.000", "pseudochance": "0.000"}}, {"model": "questions.question", "pk": 42, "fields": {"skill": 6, "question_type": "NI", "question_prompt": "Fill in the blank:\r\n$$ 93545 + 256= \\square $$", "prompt_image": "", "is_mastery": true, "discrimination": "1.000", "pseudochance": "0.000"}}, {"model": "questions.question", "pk": 43, "fields": {"skill": 6, "question_type": "NI", "question_prompt": "Fill in the blank:\r\n$$ 6812 + 10248 = \\square $$", "prompt_image": "", "is_mastery": true, "discrimination": "1.000", "pseudochance": "0.000"}}, {"model": "questions.question", "pk": 44, "fields": {"skill": 4, "question_type": "MC", "question_prompt": "Which of the following numbers is greater than 1854?", "prompt_image": "", "is_mastery": false, "discrimination": "1.000", "pseudochance": "0.250"}}, {"model": "questions.question", "pk": 45, "fields": {"skill": 4, "question_type": "MC", "question_prompt": "Which of the following numbers is less than 4723?", "prompt_image": "", "is_mastery": false, "discrimination": "1.000", "pseudochance": "0.250"}}, {"model": "questions.question", "pk": 46, "fields": {"skill": 4, "question_type": "MC", "question_prompt": "Which of the following numbers is greater than 29371?", "prompt_image": "", "is_mastery": false, "discrimination": "1.000", "pseudochance": "0.250"}}, {"model": "questions.question", "pk": 47, "fields": {"skill": 4, "question_type": "MC", "question_prompt": "Which of the following numbers is less than 87412?", "prompt_image": "", "is_mastery": false, "discrimination": "1.000", "pseudochance": "0.250"}}, {"model": "questions.question", "pk": 48, "fields": {"skill": 4, "question_type": "MC", "question_prompt": "Which sign should go in the box below?\r\n$$ 55420 \\square 55420 $$", "prompt_image": "", "is_mastery": false, "discrimination": "1.000", "pseudochance": "0.250"}}, {"model": "questions.question", "pk": 49, "fields": {"skill": 4, "question_type": "MC", "question_prompt": "Which sign should go in the box below?\r\n$$ 84804 \\square 84740 $$", "prompt_image": "", "is_mastery": false, "discrimination": "1.000", "pseudochance": "0.250"}}, {"model": "questions.question", "pk": 50, "fields": {"skill": 4, "question_type": "MC", "question_prompt": "Which sign should go in the box below?\r\n$$ 1648 \\square 1800 $$", "prompt_image": "", "is_mastery": false, "discrimination": "1.000", "pseudochance": "0.250"}}, {"model": "questions.question", "pk": 51, "fields": {"skill": 3, "question_type": "MC", "question_prompt": "Which sign should go in the box below?\r\n$$ 4 \\square 1$$", "prompt_image": "", "is_mastery": false, "discrimination": "1.000", "pseudochance": "0.250"}}, {"model": "questions.question", "pk": 52, "fields": {"skill": 3, "question_type": "MC", "question_prompt": "Which sign should go in the box below?\r\n$$ 8 \\square 9$$", "prompt_image": "", "is_mastery": false, "discrimination": "1.000", "pseudochance": "0.250"}}, {"model": "questions.question", "pk": 53, "fields": {"skill": 7, "question_type": "MC", "question_prompt": "Which of the following is the minus sign?", "prompt_image": "", "is_mastery": false, "discrimination": "1.000", "pseudochance": "0.250"}}, {"model": "questions.question", "pk": 54, "fields": {"skill": 7, "question_type": "NI", "question_prompt": "Fill in the blank.\r\n$$ 9 - 4 = \\square $$", "prompt_image": "", "is_mastery": false, "discrimination": "1.000", "pseudochance": "1.000"}}, {"model": "questions.question", "pk": 55, "fields": {"skill": 7, "question_type": "NI", "question_prompt": "Fill in the blank.\r\n$$ 6-3 = \\square $$", "prompt_image": "", "is_mastery": false, "discrimination": "1.000", "pseudochance": "0.000"}}, {"model": "questions.question", "pk": 56, "fields": {"skill": 7, "question_type": "NI", "question_prompt": "Fill in the blank.\r\n$$ 7 - 1 =  \\square $$", "prompt_image": "", "is_mastery": false, "discrimination": "1.000", "pseudochance": "1.000"}}, {"model": "questions.question", "pk": 57, "fields": {"skill": 7, "question_type": "NI", "question_prompt": "Charlie has 4 pieces of candy. He gives 2 pieces to Harry. How many pieces of candy does Charlie have left?", "prompt_image": "", "is_mastery": false, "discrimination": "1.000", "pseudochance": "0.000"}}, {"model": "questions.question", "pk": 58, "fields": {"skill": 7, "question_type": "NI", "question_prompt": "Charlie has six socks. He loses one sock after doing laundry. How many socks does Charlie have left?", "prompt_image": "", "is_mastery": false, "discrimination": "1.000", "pseudochance": "0.000"}}, {"model": "questions.question", "pk": 59, "fields": {"skill": 8, "question_type": "IC", "question_prompt": "Which of the following shapes is a circle?", "prompt_image": "", "is_mastery": false, "discrimination": "1.000", "pseudochance": "0.250"}}, {"model": "questions.question", "pk": 60, "fields": {"skill": 8, "question_type": "MC", "question_prompt": "Which of the following is not a shape?", "prompt_image": "", "is_mastery": false, "discrimination": "1.000", "pseudochance": "0.250"}}, {"model": "questions.question", "pk": 61, "fields": {"skill": 8, "question_type": "IC", "question_prompt": "Which of the following is a rectangle?", "prompt_image": "", "is_mastery": false, "discrimination": "1.000", "pseudochance": "0.250"}}, {"model": "questions.question", "pk": 62, "fields": {"skill": 10, "question_type": "NI", "question_prompt": "Fill in the blank:\r\n$$ 195 - 64 = \\square $$", "prompt_image": "", "is_mastery": false, "discrimination": "1.000", "pseudochance": "0.250"}}, {"model": "questions.answer", "pk": 1, "fields": {"answer_text": "Book", "answer_image": "", "question": 1, "answer_explanation": "", "answer_correctness": "0.000"}}, {"model": "questions.answer", "pk": 2, "fields": {"answer_text": "Car", "answer_image": "", "question": 1, "answer_explanation": "", "answer_correctness": "0.000"}}, {"model": "questions.answer", "pk": 3, "fields": {"answer_text": "Black", "answer_image": "", "question": 1, "answer_explanation": "", "answer_correctness": "0.000"}}, {"model": "questions.answer", "pk": 4, "fields": {"answer_text": "Seven", "answer_image": "", "question": 1, "answer_explanation": "", "answer_correctness": "1.000"}}, {"model": "questions.answer", "pk": 5, "fields": {"answer_text": "Three", "answer_image": "", "question": 2, "answer_explanation": "", "answer_correctness": "1.000"}}, {"model": "questions.answer", "pk": 6, "fields": {"answer_text": "Pencil", "answer_image": "", "question": 2, "answer_explanation": "", "answer_correctness": "0.000"}}, {"model": "questions.answer", "pk": 7, "fields": {"answer_text": "Big", "answer_image": "", "question": 2, "answer_explanation": "", "answer_correctness": "0.000"}}, {"model": "questions.answer", "pk": 8, "fields": {"answer_text": "Quickly", "answer_image": "", "question": 2, "answer_explanation": "", "answer_correctness": "0.000"}}, {"model": "questions.answer", "pk": 9, "fields": {"answer_text": "Nine", "answer_image": "", "question": 3, "answer_explanation": "", "answer_correctness": "0.000"}}, {"model": "questions.answer", "pk": 10, "fields": {"answer_text": "Four", "answer_image": "", "question": 3, "answer_explanation": "", "answer_correctness": "0.000"}}, {"model": "questions.answer", "pk": 11, "fields": {"answer_text": "Tent", "answer_image": "", "question": 3, "answer_explanation": "", "answer_correctness": "1.000"}}, {"model": "questions.answer", "pk": 12, "fields": {"answer_text": "Zero", "answer_image": "", "question": 3, "answer_explanation": "", "answer_correctness": "0.000"}}, {"model": "questions.answer", "pk": 13, "fields": {"answer_text": "Yellow", "answer_image": "", "question": 4, "answer_explanation": "", "answer_correctness": "1.000"}}, {"model": "questions.answer", "pk": 14, "fields": {"answer_text": "Five", "answer_image": "", "question": 4, "answer_explanation": "", "answer_correctness": "0.000"}}, {"model": "questions.answer", "pk": 15, "fields": {"answer_text": "Nine", "answer_image": "", "question": 4, "answer_explanation": "", "answer_correctness": "0.000"}}, {"model": "questions.answer", "pk": 16, "fields": {"answer_text": "Two", "answer_image": "", "question": 4, "answer_explanation": "", "answer_correctness": "0.000"}}, {"model": "questions.answer", "pk": 17, "fields": {"answer_text": "1", "answer_image": "", "question": 5, "answer_explanation": "", "answer_correctness": "0.000"}}, {"model": "questions.answer", "pk": 18, "fields": {"answer_text": "4", "answer_image": "", "question": 5, "answer_explanation": "", "answer_correctness": "0.000"}}, {"model": "questions.answer", "pk": 19, "fields": {"answer_text": "8", "answer_image": "", "question": 5, "answer_explanation": "", "answer_correctness": "1.000"}}, {"model": "questions.answer", "pk": 20, "fields": {"answer_text": "0", "answer_image": "", "question": 5, "answer_explanation": "", "answer_correctness": "0.000"}}, {"model": "questions.answer", "pk": 21, "fields": {"answer_text": "9", "answer_image": "", "question": 6, "answer_explanation": "", "answer_correctness": "0.000"}}, {"model": "questions.answer", "pk": 22, "fields": {"answer_text": "4", "answer_image": "", "question": 6, "answer_explanation": "", "answer_correctness": "1.000"}}, {"model": "questions.answer", "pk": 23, "fields": {"answer_text": "6", "answer_image": "", "question": 6, "answer_explanation": "", "answer_correctness": "0.000"}}, {"model": "questions.answer", "pk": 24, "fields": {"answer_text": "7", "answer_image": "", "question": 6, "answer_explanation": "", "answer_correctness": "0.000"}}, {"model": "questions.answer", "pk": 25, "fields": {"answer_text": "Five", "answer_image": "", "question": 7, "answer_explanation": "", "answer_correctness": "0.000"}}, {"model": "questions.answer", "pk": 26, "fields": {"answer_text": "Two", "answer_image": "", "question": 7, "answer_explanation": "", "answer_correctness": "0.000"}}, {"model": "questions.answer", "pk": 27, "fields": {"answer_text": "Nine", "answer_image": "", "question": 7, "answer_explanation": "", "answer_correctness": "0.000"}}, {"model": "questions.answer", "pk": 28, "fields": {"answer_text": "Three", "answer_image": "", "question": 7, "answer_explanation": "", "answer_correctness": "1.000"}}, {"model": "questions.answer", "pk": 29, "fields": {"answer_text": "Seven", "answer_image": "", "question": 8, "answer_explanation": "", "answer_correctness": "0.000"}}, {"model": "questions.answer", "pk": 30, "fields": {"answer_text": "Six", "answer_image": "", "question": 8, "answer_explanation": "", "answer_correctness": "1.000"}}, {"model": "questions.answer", "pk": 31, "fields": {"answer_text": "Zero", "answer_image": "", "question": 8, "answer_explanation": "", "answer_correctness": "0.000"}}, {"model": "questions.answer", "pk": 32, "fields": {"answer_text": "Three", "answer_image": "", "question": 8, "answer_explanation": "", "answer_correctness": "0.000"}}, {"model": "questions.answer", "pk": 33, "fields": {"answer_text": "3", "answer_image": "", "question": 9, "answer_explanation": "", "answer_correctness": "1.000"}}, {"model": "questions.answer", "pk": 34, "fields": {"answer_text": "9", "answer_image": "", "question": 10, "answer_explanation": "", "answer_correctness": "1.000"}}, {"model": "questions.answer", "pk": 35, "fields": {"answer_text": "2", "answer_image": "", "question": 11, "answer_explanation": "", "answer_correctness": "1.000"}}, {"model": "questions.answer", "pk": 36, "fields": {"answer_text": "12", "answer_image": "", "question": 12, "answer_explanation": "", "answer_correctness": "1.000"}}, {"model": "questions.answer", "pk": 37, "fields": {"answer_text": "13", "answer_image": "", "question": 13, "answer_explanation": "", "answer_correctness": "1.000"}}, {"model": "questions.answer", "pk": 38, "fields": {"answer_text": "23", "answer_image": "", "question": 14, "answer_explanation": "", "answer_correctness": "1.000"}}, {"model": "questions.answer", "pk": 39, "fields": {"answer_text": "74", "answer_image": "", "question": 15, "answer_explanation": "", "answer_correctness": "1.000"}}, {"model": "questions.answer", "pk": 40, "fields": {"answer_text": "270", "answer_image": "", "question": 16, "answer_explanation": "", "answer_correctness": "1.000"}}, {"model": "questions.answer", "pk": 41, "fields": {"answer_text": "3019", "answer_image": "", "question": 17, "answer_explanation": "", "answer_correctness": "1.000"}}, {"model": "questions.answer", "pk": 42, "fields": {"answer_text": "2", "answer_image": "", "question": 18, "answer_explanation": "", "answer_correctness": "1.000"}}, {"model": "questions.answer", "pk": 43, "fields": {"answer_text": "9", "answer_image": "", "question": 19, "answer_explanation": "", "answer_correctness": "1.000"}}, {"model": "questions.answer", "pk": 44, "fields": {"answer_text": "9", "answer_image": "", "question": 20, "answer_explanation": "", "answer_correctness": "1.000"}}, {"model": "questions.answer", "pk": 45, "fields": {"answer_text": "27", "answer_image": "", "question": 21, "answer_explanation": "", "answer_correctness": "1.000"}}, {"model": "questions.answer", "pk": 46, "fields": {"answer_text": "253", "answer_image": "", "question": 22, "answer_explanation": "", "answer_correctness": "1.000"}}, {"model": "questions.answer", "pk": 47, "fields": {"answer_text": "104", "answer_image": "", "question": 23, "answer_explanation": "", "answer_correctness": "1.000"}}, {"model": "questions.answer", "pk": 48, "fields": {"answer_text": "1", "answer_image": "", "question": 24, "answer_explanation": "", "answer_correctness": "0.000"}}, {"model": "questions.answer", "pk": 49, "fields": {"answer_text": "7", "answer_image": "", "question": 24, "answer_explanation": "", "answer_correctness": "1.000"}}, {"model": "questions.answer", "pk": 50, "fields": {"answer_text": "4", "answer_image": "", "question": 24, "answer_explanation": "", "answer_correctness": "0.000"}}, {"model": "questions.answer", "pk": 51, "fields": {"answer_text": "3", "answer_image": "", "question": 24, "answer_explanation": "", "answer_correctness": "0.000"}}, {"model": "questions.answer", "pk": 52, "fields": {"answer_text": "7", "answer_image": "", "question": 25, "answer_explanation": "", "answer_correctness": "0.000"}}, {"model": "questions.answer", "pk": 53, "fields": {"answer_text": "6", "answer_image": "", "question": 25, "answer_explanation": "", "answer_correctness": "1.000"}}, {"model": "questions.answer", "pk": 54, "fields": {"answer_text": "8", "answer_image": "", "question": 25, "answer_explanation": "", "answer_correctness": "0.000"}}, {"model": "questions.answer", "pk": 55, "fields": {"answer_text": "9", "answer_image": "", "question": 25, "answer_explanation": "", "answer_correctness": "0.000"}}, {"model": "questions.answer", "pk": 56, "fields": {"answer_text": "\\(<\\)", "answer_image": "", "question": 26, "answer_explanation": "", "answer_correctness": "0.000"}}, {"model": "questions.answer", "pk": 57, "fields": {"answer_text": "\\(>\\)", "answer_image": "", "question": 26, "answer_explanation": "", "answer_correctness": "0.000"}}, {"model": "questions.answer", "pk": 58, "fields": {"answer_text": "\\(=\\)", "answer_image": "", "question": 26, "answer_explanation": "", "answer_correctness": "1.000"}}, {"model": "questions.answer", "pk": 59, "fields": {"answer_text": "None of the above are correct", "answer_image": "", "question": 26, "answer_explanation": "", "answer_correctness": "0.000"}}, {"model": "questions.answer", "pk": 60, "fields": {"answer_text": "\\(<\\)", "answer_image": "", "question": 27, "answer_explanation": "", "answer_correctness": "0.000"}}, {"model": "questions.answer", "pk": 61, "fields": {"answer_text": "\\(>\\)", "answer_image": "", "question": 27, "answer_explanation": "", "answer_correctness": "1.000"}}, {"model": "questions.answer", "pk": 62, "fields": {"answer_text": "\\(=\\)", "answer_image": "", "question": 27, "answer_explanation": "", "answer_correctness": "0.000"}}, {"model": "questions.answer", "pk": 63, "fields": {"answer_text": "None of the above are correct", "answer_image": "", "question": 27, "answer_explanation": "", "answer_correctness": "0.000"}}, {"model": "questions.answer", "pk": 64, "fields": {"answer_text": "\\(+\\)", "answer_image": "", "question": 28, "answer_explanation": "", "answer_correctness": "1.000"}}, {"model": "questions.answer", "pk": 65, "fields": {"answer_text": "\\(-\\)", "answer_image": "", "question": 28, "answer_explanation": "", "answer_correctness": "0.000"}}, {"model": "questions.answer", "pk": 66, "fields": {"answer_text": "\\(=\\)", "answer_image": "", "question": 28, "answer_explanation": "", "answer_correctness": "0.000"}}, {"model": "questions.answer", "pk": 67, "fields": {"answer_text": "None of the above are correct", "answer_image": "", "question": 28, "answer_explanation": "", "answer_correctness": "0.000"}}, {"model": "questions.answer", "pk": 68, "fields": {"answer_text": "8", "answer_image": "", "question": 29, "answer_explanation": "", "answer_correctness": "1.000"}}, {"model": "questions.answer", "pk": 69, "fields": {"answer_text": "7", "answer_image": "", "question": 30, "answer_explanation": "", "answer_correctness": "1.000"}}, {"model": "questions.answer", "pk": 70, "fields": {"answer_text": "3", "answer_image": "", "question": 31, "answer_explanation": "", "answer_correctness": "1.000"}}, {"model": "questions.answer", "pk": 71, "fields": {"answer_text": "2", "answer_image": "", "question": 32, "answer_explanation": "", "answer_correctness": "1.000"}}, {"model": "questions.answer", "pk": 72, "fields": {"answer_text": "6", "answer_image": "", "question": 33, "answer_explanation": "", "answer_correctness": "1.000"}}, {"model": "questions.answer", "pk": 73, "fields": {"answer_text": "0", "answer_image": "", "question": 34, "answer_explanation": "", "answer_correctness": "1.000"}}, {"model": "questions.answer", "pk": 74, "fields": {"answer_text": "4", "answer_image": "", "question": 35, "answer_explanation": "", "answer_correctness": "1.000"}}, {"model": "questions.answer", "pk": 75, "fields": {"answer_text": "28", "answer_image": "", "question": 36, "answer_explanation": "", "answer_correctness": "1.000"}}, {"model": "questions.answer", "pk": 76, "fields": {"answer_text": "42", "answer_image": "", "question": 37, "answer_explanation": "", "answer_correctness": "1.000"}}, {"model": "questions.answer", "pk": 77, "fields": {"answer_text": "216", "answer_image": "", "question": 38, "answer_explanation": "", "answer_correctness": "1.000"}}, {"model": "questions.answer", "pk": 78, "fields": {"answer_text": "721", "answer_image": "", "question": 39, "answer_explanation": "", "answer_correctness": "1.000"}}, {"model": "questions.answer", "pk": 79, "fields": {"answer_text": "210", "answer_image": "", "question": 40, "answer_explanation": "", "answer_correctness": "1.000"}}, {"model": "questions.answer", "pk": 80, "fields": {"answer_text": "1393", "answer_image": "", "question": 41, "answer_explanation": "", "answer_correctness": "1.000"}}, {"model": "questions.answer", "pk": 81, "fields": {"answer_text": "93801", "answer_image": "", "question": 42, "answer_explanation": "", "answer_correctness": "1.000"}}, {"model": "questions.answer", "pk": 82, "fields": {"answer_text": "17060", "answer_image": "", "question": 43, "answer_explanation": "", "answer_correctness": "1.000"}}, {"model": "questions.answer", "pk": 83, "fields": {"answer_text": "1849", "answer_image": "", "question": 44, "answer_explanation": "", "answer_correctness": "0.000"}}, {"model": "questions.answer", "pk": 84, "fields": {"answer_text": "1798", "answer_image": "", "question": 44, "answer_explanation": "", "answer_correctness": "0.000"}}, {"model": "questions.answer", "pk": 85, "fields": {"answer_text": "1587", "answer_image": "", "question": 44, "answer_explanation": "", "answer_correctness": "0.000"}}, {"model": "questions.answer", "pk": 86, "fields": {"answer_text": "1860", "answer_image": "", "question": 44, "answer_explanation": "", "answer_correctness": "1.000"}}, {"model": "questions.answer", "pk": 87, "fields": {"answer_text": "4680", "answer_image": "", "question": 45, "answer_explanation": "", "answer_correctness": "1.000"}}, {"model": "questions.answer", "pk": 88, "fields": {"answer_text": "4732", "answer_image": "", "question": 45, "answer_explanation": "", "answer_correctness": "0.000"}}, {"model": "questions.answer", "pk": 89, "fields": {"answer_text": "5721", "answer_image": "", "question": 45, "answer_explanation": "", "answer_correctness": "0.000"}}, {"model": "questions.answer", "pk": 90, "fields": {"answer_text": "10021", "answer_image": "", "question": 45, "answer_explanation": "", "answer_correctness": "0.000"}}, {"model": "questions.answer", "pk": 91, "fields": {"answer_text": "28371", "answer_image": "", "question": 46, "answer_explanation": "", "answer_correctness": "0.000"}}, {"model": "questions.answer", "pk": 92, "fields": {"answer_text": "100000", "answer_image": "", "question": 46, "answer_explanation": "", "answer_correctness": "1.000"}}, {"model": "questions.answer", "pk": 93, "fields": {"answer_text": "19487", "answer_image": "", "question": 46, "answer_explanation": "", "answer_correctness": "0.000"}}, {"model": "questions.answer", "pk": 94, "fields": {"answer_text": "9867", "answer_image": "", "question": 46, "answer_explanation": "", "answer_correctness": "0.000"}}, {"model": "questions.answer", "pk": 95, "fields": {"answer_text": "9857", "answer_image": "", "question": 47, "answer_explanation": "", "answer_correctness": "1.000"}}, {"model": "questions.answer", "pk": 96, "fields": {"answer_text": "88001", "answer_image": "", "question": 47, "answer_explanation": "", "answer_correctness": "0.000"}}, {"model": "questions.answer", "pk": 97, "fields": {"answer_text": "90484", "answer_image": "", "question": 47, "answer_explanation": "", "answer_correctness": "0.000"}}, {"model": "questions.answer", "pk": 98, "fields": {"answer_text": "All of the numbers above are greater than 87412", "answer_image": "", "question": 47, "answer_explanation": "", "answer_correctness": "0.000"}}, {"model": "questions.answer", "pk": 99, "fields": {"answer_text": "\\(<\\)", "answer_image": "", "question": 48, "answer_explanation": "", "answer_correctness": "0.000"}}, {"model": "questions.answer", "pk": 100, "fields": {"answer_text": "\\(>\\)", "answer_image": "", "question": 48, "answer_explanation": "", "answer_correctness": "0.000"}}, {"model": "questions.answer", "pk": 101, "fields": {"answer_text": "\\(=\\)", "answer_image": "", "question": 48, "answer_explanation": "", "answer_correctness": "1.000"}}, {"model": "questions.answer", "pk": 102, "fields": {"answer_text": "None of the above are correct", "answer_image": "", "question": 48, "answer_explanation": "", "answer_correctness": "0.000"}}, {"model": "questions.answer", "pk": 103, "fields": {"answer_text": "\\(<\\)", "answer_image": "", "question": 49, "answer_explanation": "", "answer_correctness": "0.000"}}, {"model": "questions.answer", "pk": 104, "fields": {"answer_text": "\\(>\\)", "answer_image": "", "question": 49, "answer_explanation": "", "answer_correctness": "1.000"}}, {"model": "questions.answer", "pk": 105, "fields": {"answer_text": "\\(=\\)", "answer_image": "", "question": 49, "answer_explanation": "", "answer_correctness": "0.000"}}, {"model": "questions.answer", "pk": 106, "fields": {"answer_text": "None of the above are correct", "answer_image": "", "question": 49, "answer_explanation": "", "answer_correctness": "0.000"}}, {"model": "questions.answer", "pk": 107, "fields": {"answer_text": "\\(<\\)", "answer_image": "", "question": 50, "answer_explanation": "", "answer_correctness": "1.000"}}, {"model": "questions.answer", "pk": 108, "fields": {"answer_text": "\\(>\\)", "answer_image": "", "question": 50, "answer_explanation": "", "answer_correctness": "0.000"}}, {"model": "questions.answer", "pk": 109, "fields": {"answer_text": "\\(=\\)", "answer_image": "", "question": 50, "answer_explanation": "", "answer_correctness": "0.000"}}, {"model": "questions.answer", "pk": 110, "fields": {"answer_text": "None of the above are correct", "answer_image": "", "question": 50, "answer_explanation": "", "answer_correctness": "0.000"}}, {"model": "questions.answer", "pk": 111, "fields": {"answer_text": "\\(<\\)", "answer_image": "", "question": 51, "answer_explanation": "", "answer_correctness": "0.000"}}, {"model": "questions.answer", "pk": 112, "fields": {"answer_text": "\\(>\\)", "answer_image": "", "question": 51, "answer_explanation": "", "answer_correctness": "1.000"}}, {"model": "questions.answer", "pk": 113, "fields": {"answer_text": "\\(=\\)", "answer_image": "", "question": 51, "answer_explanation": "", "answer_correctness": "0.000"}}, {"model": "questions.answer", "pk": 114, "fields": {"answer_text": "None of the above are correct", "answer_image": "", "question": 51, "answer_explanation": "", "answer_correctness": "0.000"}}, {"model": "questions.answer", "pk": 115, "fields": {"answer_text": "\\(<\\)", "answer_image": "", "question": 52, "answer_explanation": "", "answer_correctness": "1.000"}}, {"model": "questions.answer", "pk": 116, "fields": {"answer_text": "\\(>\\)", "answer_image": "", "question": 52, "answer_explanation": "", "answer_correctness": "0.000"}}, {"model": "questions.answer", "pk": 117, "fields": {"answer_text": "\\(=\\)", "answer_image": "", "question": 52, "answer_explanation": "", "answer_correctness": "0.000"}}, {"model": "questions.answer", "pk": 118, "fields": {"answer_text": "None of the above are correct", "answer_image": "", "question": 52, "answer_explanation": "", "answer_correctness": "0.000"}}, {"model": "questions.answer", "pk": 119, "fields": {"answer_text": "\\(+\\)", "answer_image": "", "question": 53, "answer_explanation": "", "answer_correctness": "0.000"}}, {"model": "questions.answer", "pk": 120, "fields": {"answer_text": "\\(-\\)", "answer_image": "", "question": 53, "answer_explanation": "", "answer_correctness": "1.000"}}, {"model": "questions.answer", "pk": 121, "fields": {"answer_text": "\\( \\times \\)", "answer_image": "", "question": 53, "answer_explanation": "", "answer_correctness": "0.000"}}, {"model": "questions.answer", "pk": 122, "fields": {"answer_text": "\\( \\div \\)", "answer_image": "", "question": 53, "answer_explanation": "", "answer_correctness": "0.000"}}, {"model": "questions.answer", "pk": 123, "fields": {"answer_text": "5", "answer_image": "", "question": 54, "answer_explanation": "", "answer_correctness": "1.000"}}, {"model": "questions.answer", "pk": 124, "fields": {"answer_text": "3", "answer_image": "", "question": 55, "answer_explanation": "", "answer_correctness": "1.000"}}, {"model": "questions.answer", "pk": 125, "fields": {"answer_text": "6", "answer_image": "", "question": 56, "answer_explanation": "", "answer_correctness": "1.000"}}, {"model": "questions.answer", "pk": 126, "fields": {"answer_text": "2", "answer_image": "", "question": 57, "answer_explanation": "", "answer_correctness": "1.000"}}, {"model": "questions.answer", "pk": 127, "fields": {"answer_text": "5", "answer_image": "", "question": 58, "answer_explanation": "", "answer_correctness": "1.000"}}, {"model": "questions.answer", "pk": 128, "fields": {"answer_text": "", "answer_image": "Mathematics/question_images/59/answer_images/None/800px-Circle_-_black_simple.svg.png", "question": 59, "answer_explanation": "", "answer_correctness": "1.000"}}, {"model": "questions.answer", "pk": 129, "fields": {"answer_text": "", "answer_image": "Mathematics/question_images/59/answer_images/None/1200px-Square_-_black_simple.svg.png", "question": 59, "answer_explanation": "", "answer_correctness": "0.000"}}, {"model": "questions.answer", "pk": 130, "fields": {"answer_text": "", "answer_image": "Mathematics/question_images/59/answer_images/None/Simple_triangle.svg.png", "question": 59, "answer_explanation": "", "answer_correctness": "0.000"}}, {"model": "questions.answer", "pk": 131, "fields": {"answer_text": "", "answer_image": "Mathematics/question_images/59/answer_images/None/A_sample_of_the_transparent_rectangle.svg.png", "question": 59, "answer_explanation": "", "answer_correctness": "0.000"}}, {"model": "questions.answer", "pk": 132, "fields": {"answer_text": "Square", "answer_image": "", "question": 60, "answer_explanation": "", "answer_correctness": "0.000"}}, {"model": "questions.answer", "pk": 133, "fields": {"answer_text": "Circle", "answer_image": "", "question": 60, "answer_explanation": "", "answer_correctness": "0.000"}}, {"model": "questions.answer", "pk": 134, "fields": {"answer_text": "Green", "answer_image": "", "question": 60, "answer_explanation": "", "answer_correctness": "1.000"}}, {"model": "questions.answer", "pk": 135, "fields": {"answer_text": "Triangle", "answer_image": "", "question": 60, "answer_explanation": "", "answer_correctness": "0.000"}}, {"model": "questions.answer", "pk": 136, "fields": {"answer_text": "", "answer_image": "Mathematics/question_images/61/answer_images/None/A_sample_of_the_transparent_rectangle.svg.png", "question": 61, "answer_explanation": "", "answer_correctness": "1.000"}}, {"model": "questions.answer", "pk": 137, "fields": {"answer_text": "", "answer_image": "Mathematics/question_images/61/answer_images/None/800px-Circle_-_black_simple.svg.png", "question": 61, "answer_explanation": "", "answer_correctness": "0.000"}}, {"model": "questions.answer", "pk": 138, "fields": {"answer_text": "", "answer_image": "Mathematics/question_images/61/answer_images/None/1200px-Square_-_black_simple.svg.png", "question": 61, "answer_explanation": "", "answer_correctness": "0.000"}}, {"model": "questions.answer", "pk": 139, "fields": {"answer_text": "", "answer_image": "Mathematics/question_images/61/answer_images/None/Simple_triangle.svg.png", "question": 61, "answer_explanation": "", "answer_correctness": "0.000"}}, {"model": "questions.answer", "pk": 140, "fields": {"answer_text": "131", "answer_image": "", "question": 62, "answer_explanation": "", "answer_correctness": "1.000"}}, {"model": "lessons.lesson", "pk": 1, "fields": {"lesson_title": "Numbers and Digits", "slug": "numbers-and-digits", "lesson_text": "lessons/Numbers_and_Digits.html", "skill": 1, "_order": 0}}, {"model": "lessons.lesson", "pk": 2, "fields": {"lesson_title": "Comparison Signs Introduction", "slug": "comparison-signs-introduction", "lesson_text": "lessons/Comparison_signs.html", "skill": 3, "_order": 0}}, {"model": "lessons.lesson", "pk": 3, "fields": {"lesson_title": "Place Value", "slug": "place-value", "lesson_text": "lessons/Place_Value.html", "skill": 2, "_order": 0}}, {"model": "lessons.lesson", "pk": 4, "fields": {"lesson_title": "Comparing Large Numbers", "slug": "comparing-large-numbers", "lesson_text": "lessons/Comparing_Multi-digit_numbers.html", "skill": 4, "_order": 0}}, {"model": "lessons.lesson", "pk": 5, "fields": {"lesson_title": "Addition Introduction", "slug": "addition-introduction", "lesson_text": "lessons/Addition_Introduction.html", "skill": 5, "_order": 0}}, {"model": "lessons.lesson", "pk": 6, "fields": {"lesson_title": "Long Addition", "slug": "long-addition", "lesson_text": "lessons/Long_Addition.html", "skill": 6, "_order": 0}}, {"model": "lessons.lesson", "pk": 7, "fields": {"lesson_title": "Subtraction Introduction", "slug": "subtraction-introduction", "lesson_text": "lessons/Subtraction_Introduction.html", "skill": 7, "_order": 0}}, {"model": "lessons.lesson", "pk": 8, "fields": {"lesson_title": "Recognizing Basic Shapes", "slug": "recognizing-basic-shapes", "lesson_text": "lessons/Recognizing_Basic_Shapes.html", "skill": 8, "_order": 0}}, {"model": "lessons.lesson", "pk": 9, "fields": {"lesson_title": "Long Subtraction", "slug": "long-subtraction", "lesson_text": "lessons/Long_Subtraction.html", "skill": 10, "_order": 0}}, {"model": "lessons.lessonimage", "pk": 1, "fields": {"lesson": 8, "image": "Mathematics/lesson_images/recognizing-basic-shapes/Simple_triangle.svg.png", "caption": "Triangle"}}, {"model": "lessons.lessonimage", "pk": 2, "fields": {"lesson": 8, "image": "Mathematics/lesson_images/recognizing-basic-shapes/1200px-Square_-_black_simple.svg.png", "caption": "Square"}}, {"model": "lessons.lessonimage", "pk": 3, "fields": {"lesson": 8, "image": "Mathematics/lesson_images/recognizing-basic-shapes/A_sample_of_the_transparent_rectangle.svg.png", "caption": "Rectangle"}}, {"model": "lessons.lessonimage", "pk": 4, "fields": {"lesson": 8, "image": "Mathematics/lesson_images/recognizing-basic-shapes/800px-Circle_-_black_simple.svg.png", "caption": "Circle"}}, {"model": "units.unit", "pk": 1, "fields": {"name": "Foundations", "slug": "foundations", "description": "Introduction to numbers and place value. Comparing single-digit and multi-digit numbers. Simple and long forms of addition, subtraction.", "start_skills": "{\"skill_id_list\": [1]}", "end_skills": "{\"skill_id_list\": [10, 4, 6]}", "subject": 1, "lessons": [1, 2, 3, 4, 5, 6, 7, 9]}}, {"model": "curricula.curriculum", "pk": 1, "fields": {"name": "Middle School Mathematics", "slug": "middle-school-mathematics", "start_skills": "{\"skill_id_list\": [1]}", "end_skills": "{\"skill_id_list\": [10, 4, 6]}", "subject": 1, "units": [1]}}, {"model": "subjects.subject", "pk": 1, "fields": {"name": "Mathematics", "slug": "mathematics", "dependencies": "[\"[\\\"0\\\", \\\"0\\\", \\\"0\\\", \\\"0\\\", \\\"0\\\", \\\"0\\\", \\\"0\\\", \\\"0\\\", \\\"0\\\"]\", \"[\\\"0\\\", \\\"0\\\", \\\"0\\\", \\\"0\\\", \\\"0\\\", \\\"0\\\", \\\"0\\\", \\\"0\\\", \\\"0\\\"]\", \"[\\\"0\\\", \\\"1\\\", \\\"0\\\", \\\"0\\\", \\\"0\\\", \\\"0\\\", \\\"0\\\", \\\"0\\\", \\\"0\\\"]\", \"[\\\"0\\\", \\\"1\\\", \\\"0\\\", \\\"0\\\", \\\"0\\\", \\\"0\\\", \\\"0\\\", \\\"0\\\", \\\"0\\\"]\", \"[\\\"0\\\", \\\"1\\\", \\\"0\\\", \\\"0\\\", \\\"0\\\", \\\"0\\\", \\\"0\\\", \\\"0\\\", \\\"0\\\"]\", \"[\\\"0\\\", \\\"1\\\", \\\"0\\\", \\\"0\\\", \\\"0\\\", \\\"0\\\", \\\"0\\\", \\\"0\\\", \\\"0\\\"]\", \"[\\\"0\\\", \\\"0\\\", \\\"1\\\", \\\"0\\\", \\\"1\\\", \\\"1\\\", \\\"0\\\", \\\"0\\\", \\\"0\\\"]\", \"[\\\"0\\\", \\\"0\\\", \\\"0\\\", \\\"1\\\", \\\"0\\\", \\\"1\\\", \\\"0\\\", \\\"0\\\", \\\"0\\\"]\", \"[\\\"0\\\", \\\"0\\\", \\\"0\\\", \\\"0\\\", \\\"1\\\", \\\"1\\\", \\\"0\\\", \\\"0\\\", \\\"0\\\"]\"]"}}, {"model": "auth.permission", "pk": 1, "fields": {"name": "Can add permission", "content_type": 1, "codename": "add_permission"}}, {"model": "auth.permission", "pk": 2, "fields": {"name": "Can change permission", "content_type": 1, "codename": "change_permission"}}, {"model": "auth.permission", "pk": 3, "fields": {"name": "Can delete permission", "content_type": 1, "codename": "delete_permission"}}, {"model": "auth.permission", "pk": 4, "fields": {"name": "Can view permission", "content_type": 1, "codename": "view_permission"}}, {"model": "auth.permission", "pk": 5, "fields": {"name": "Can add group", "content_type": 2, "codename": "add_group"}}, {"model": "auth.permission", "pk": 6, "fields": {"name": "Can change group", "content_type": 2, "codename": "change_group"}}, {"model": "auth.permission", "pk": 7, "fields": {"name": "Can delete group", "content_type": 2, "codename": "delete_group"}}, {"model": "auth.permission", "pk": 8, "fields": {"name": "Can view group", "content_type": 2, "codename": "view_group"}}, {"model": "auth.permission", "pk": 9, "fields": {"name": "Can add content type", "content_type": 3, "codename": "add_contenttype"}}, {"model": "auth.permission", "pk": 10, "fields": {"name": "Can change content type", "content_type": 3, "codename": "change_contenttype"}}, {"model": "auth.permission", "pk": 11, "fields": {"name": "Can delete content type", "content_type": 3, "codename": "delete_contenttype"}}, {"model": "auth.permission", "pk": 12, "fields": {"name": "Can view content type", "content_type": 3, "codename": "view_contenttype"}}, {"model": "auth.permission", "pk": 13, "fields": {"name": "Can add user", "content_type": 4, "codename": "add_customuser"}}, {"model": "auth.permission", "pk": 14, "fields": {"name": "Can change user", "content_type": 4, "codename": "change_customuser"}}, {"model": "auth.permission", "pk": 15, "fields": {"name": "Can delete user", "content_type": 4, "codename": "delete_customuser"}}, {"model": "auth.permission", "pk": 16, "fields": {"name": "Can view user", "content_type": 4, "codename": "view_customuser"}}, {"model": "auth.permission", "pk": 17, "fields": {"name": "Can add skill", "content_type": 5, "codename": "add_skill"}}, {"model": "auth.permission", "pk": 18, "fields": {"name": "Can change skill", "content_type": 5, "codename": "change_skill"}}, {"model": "auth.permission", "pk": 19, "fields": {"name": "Can delete skill", "content_type": 5, "codename": "delete_skill"}}, {"model": "auth.permission", "pk": 20, "fields": {"name": "Can view skill", "content_type": 5, "codename": "view_skill"}}, {"model": "auth.permission", "pk": 21, "fields": {"name": "Can add skill edge", "content_type": 6, "codename": "add_skilledge"}}, {"model": "auth.permission", "pk": 22, "fields": {"name": "Can change skill edge", "content_type": 6, "codename": "change_skilledge"}}, {"model": "auth.permission", "pk": 23, "fields": {"name": "Can delete skill edge", "content_type": 6, "codename": "delete_skilledge"}}, {"model": "auth.permission", "pk": 24, "fields": {"name": "Can view skill edge", "content_type": 6, "codename": "view_skilledge"}}, {"model": "auth.permission", "pk": 25, "fields": {"name": "Can add skillfulness", "content_type": 7, "codename": "add_skillfulness"}}, {"model": "auth.permission", "pk": 26, "fields": {"name": "Can change skillfulness", "content_type": 7, "codename": "change_skillfulness"}}, {"model": "auth.permission", "pk": 27, "fields": {"name": "Can delete skillfulness", "content_type": 7, "codename": "delete_skillfulness"}}, {"model": "auth.permission", "pk": 28, "fields": {"name": "Can view skillfulness", "content_type": 7, "codename": "view_skillfulness"}}, {"model": "auth.permission", "pk": 29, "fields": {"name": "Can add user profile", "content_type": 8, "codename": "add_userprofile"}}, {"model": "auth.permission", "pk": 30, "fields": {"name": "Can change user profile", "content_type": 8, "codename": "change_userprofile"}}, {"model": "auth.permission", "pk": 31, "fields": {"name": "Can delete user profile", "content_type": 8, "codename": "delete_userprofile"}}, {"model": "auth.permission", "pk": 32, "fields": {"name": "Can view user profile", "content_type": 8, "codename": "view_userprofile"}}, {"model": "auth.permission", "pk": 33, "fields": {"name": "Can add log entry", "content_type": 9, "codename": "add_logentry"}}, {"model": "auth.permission", "pk": 34, "fields": {"name": "Can change log entry", "content_type": 9, "codename": "change_logentry"}}, {"model": "auth.permission", "pk": 35, "fields": {"name": "Can delete log entry", "content_type": 9, "codename": "delete_logentry"}}, {"model": "auth.permission", "pk": 36, "fields": {"name": "Can view log entry", "content_type": 9, "codename": "view_logentry"}}, {"model": "auth.permission", "pk": 37, "fields": {"name": "Can add session", "content_type": 10, "codename": "add_session"}}, {"model": "auth.permission", "pk": 38, "fields": {"name": "Can change session", "content_type": 10, "codename": "change_session"}}, {"model": "auth.permission", "pk": 39, "fields": {"name": "Can delete session", "content_type": 10, "codename": "delete_session"}}, {"model": "auth.permission", "pk": 40, "fields": {"name": "Can view session", "content_type": 10, "codename": "view_session"}}, {"model": "auth.permission", "pk": 41, "fields": {"name": "Can add answer", "content_type": 11, "codename": "add_answer"}}, {"model": "auth.permission", "pk": 42, "fields": {"name": "Can change answer", "content_type": 11, "codename": "change_answer"}}, {"model": "auth.permission", "pk": 43, "fields": {"name": "Can delete answer", "content_type": 11, "codename": "delete_answer"}}, {"model": "auth.permission", "pk": 44, "fields": {"name": "Can view answer", "content_type": 11, "codename": "view_answer"}}, {"model": "auth.permission", "pk": 45, "fields": {"name": "Can add image", "content_type": 12, "codename": "add_image"}}, {"model": "auth.permission", "pk": 46, "fields": {"name": "Can change image", "content_type": 12, "codename": "change_image"}}, {"model": "auth.permission", "pk": 47, "fields": {"name": "Can delete image", "content_type": 12, "codename": "delete_image"}}, {"model": "auth.permission", "pk": 48, "fields": {"name": "Can view image", "content_type": 12, "codename": "view_image"}}, {"model": "auth.permission", "pk": 49, "fields": {"name": "Can add question", "content_type": 13, "codename": "add_question"}}, {"model": "auth.permission", "pk": 50, "fields": {"name": "Can change question", "content_type": 13, "codename": "change_question"}}, {"model": "auth.permission", "pk": 51, "fields": {"name": "Can delete question", "content_type": 13, "codename": "delete_question"}}, {"model": "auth.permission", "pk": 52, "fields": {"name": "Can view question", "content_type": 13, "codename": "view_question"}}, {"model": "auth.permission", "pk": 53, "fields": {"name": "Can add lesson", "content_type": 14, "codename": "add_lesson"}}, {"model": "auth.permission", "pk": 54, "fields": {"name": "Can change lesson", "content_type": 14, "codename": "change_lesson"}}, {"model": "auth.permission", "pk": 55, "fields": {"name": "Can delete lesson", "content_type": 14, "codename": "delete_lesson"}}, {"model": "auth.permission", "pk": 56, "fields": {"name": "Can view lesson", "content_type": 14, "codename": "view_lesson"}}, {"model": "auth.permission", "pk": 57, "fields": {"name": "Can add site", "content_type": 15, "codename": "add_site"}}, {"model": "auth.permission", "pk": 58, "fields": {"name": "Can change site", "content_type": 15, "codename": "change_site"}}, {"model": "auth.permission", "pk": 59, "fields": {"name": "Can delete site", "content_type": 15, "codename": "delete_site"}}, {"model": "auth.permission", "pk": 60, "fields": {"name": "Can view site", "content_type": 15, "codename": "view_site"}}, {"model": "auth.permission", "pk": 61, "fields": {"name": "Can add Token", "content_type": 16, "codename": "add_token"}}, {"model": "auth.permission", "pk": 62, "fields": {"name": "Can change Token", "content_type": 16, "codename": "change_token"}}, {"model": "auth.permission", "pk": 63, "fields": {"name": "Can delete Token", "content_type": 16, "codename": "delete_token"}}, {"model": "auth.permission", "pk": 64, "fields": {"name": "Can view Token", "content_type": 16, "codename": "view_token"}}, {"model": "auth.permission", "pk": 65, "fields": {"name": "Can add unit", "content_type": 17, "codename": "add_unit"}}, {"model": "auth.permission", "pk": 66, "fields": {"name": "Can change unit", "content_type": 17, "codename": "change_unit"}}, {"model": "auth.permission", "pk": 67, "fields": {"name": "Can delete unit", "content_type": 17, "codename": "delete_unit"}}, {"model": "auth.permission", "pk": 68, "fields": {"name": "Can view unit", "content_type": 17, "codename": "view_unit"}}, {"model": "auth.permission", "pk": 69, "fields": {"name": "Can add curriculum", "content_type": 18, "codename": "add_curriculum"}}, {"model": "auth.permission", "pk": 70, "fields": {"name": "Can change curriculum", "content_type": 18, "codename": "change_curriculum"}}, {"model": "auth.permission", "pk": 71, "fields": {"name": "Can delete curriculum", "content_type": 18, "codename": "delete_curriculum"}}, {"model": "auth.permission", "pk": 72, "fields": {"name": "Can view curriculum", "content_type": 18, "codename": "view_curriculum"}}, {"model": "auth.permission", "pk": 73, "fields": {"name": "Can add subject", "content_type": 19, "codename": "add_subject"}}, {"model": "auth.permission", "pk": 74, "fields": {"name": "Can change subject", "content_type": 19, "codename": "change_subject"}}, {"model": "auth.permission", "pk": 75, "fields": {"name": "Can delete subject", "content_type": 19, "codename": "delete_subject"}}, {"model": "auth.permission", "pk": 76, "fields": {"name": "Can view subject", "content_type": 19, "codename": "view_subject"}}, {"model": "auth.permission", "pk": 77, "fields": {"name": "Can add lesson image", "content_type": 20, "codename": "add_lessonimage"}}, {"model": "auth.permission", "pk": 78, "fields": {"name": "Can change lesson image", "content_type": 20, "codename": "change_lessonimage"}}, {"model": "auth.permission", "pk": 79, "fields": {"name": "Can delete lesson image", "content_type": 20, "codename": "delete_lessonimage"}}, {"model": "auth.permission", "pk": 80, "fields": {"name": "Can view lesson image", "content_type": 20, "codename": "view_lessonimage"}}, {"model": "auth.permission", "pk": 81, "fields": {"name": "Can add question bug report", "content_type": 21, "codename": "add_questionbugreport"}}, {"model": "auth.permission", "pk": 82, "fields": {"name": "Can change question bug report", "content_type": 21, "codename": "change_questionbugreport"}}, {"model": "auth.permission", "pk": 83, "fields": {"name": "Can delete question bug report", "content_type": 21, "codename": "delete_questionbugreport"}}, {"model": "auth.permission", "pk": 84, "fields": {"name": "Can view question bug report", "content_type": 21, "codename": "view_questionbugreport"}}, {"model": "auth.permission", "pk": 85, "fields": {"name": "Can add general bug report", "content_type": 22, "codename": "add_generalbugreport"}}, {"model": "auth.permission", "pk": 86, "fields": {"name": "Can change general bug report", "content_type": 22, "codename": "change_generalbugreport"}}, {"model": "auth.permission", "pk": 87, "fields": {"name": "Can delete general bug report", "content_type": 22, "codename": "delete_generalbugreport"}}, {"model": "auth.permission", "pk": 88, "fields": {"name": "Can view general bug report", "content_type": 22, "codename": "view_generalbugreport"}}, {"model": "auth.permission", "pk": 89, "fields": {"name": "Can add currently studying", "content_type": 23, "codename": "add_currentlystudying"}}, {"model": "auth.permission", "pk": 90, "fields": {"name": "Can change currently studying", "content_type": 23, "codename": "change_currentlystudying"}}, {"model": "auth.permission", "pk": 91, "fields": {"name": "Can delete currently studying", "content_type": 23, "codename": "delete_currentlystudying"}}, {"model": "auth.permission", "pk": 92, "fields": {"name": "Can view currently studying", "content_type": 23, "codename": "view_currentlystudying"}}, {"model": "auth.group", "pk": 1, "fields": {"name": "Developer", "permissions": [69, 70, 72, 53, 54, 56, 77, 78, 79, 80, 85, 88, 81, 84, 41, 42, 43, 44, 45, 46, 47, 48, 49, 50, 51, 52, 17, 18, 20, 21, 22, 23, 24, 73, 74, 76, 65, 66, 68, 25, 26, 28, 29, 30, 32]}}, {"model": "users.customuser", "pk": 1, "fields": {"password": "pbkdf2_sha256$180000$CPrdO8y5Jcer$y1XQvdz9kYFuTVaCLNlZfdKxLLOF+zfdbe2ImfaiAzw=", "last_login": "2020-04-24T18:06:40.067Z", "is_superuser": true, "username": "Jonathan", "first_name": "", "last_name": "", "email": "jonathangao124@gmail.com", "is_staff": true, "is_active": true, "date_joined": "2020-03-20T05:30:51.901Z", "previous_login": "2020-04-24T06:49:25.702Z", "groups": [], "user_permissions": []}}, {"model": "users.customuser", "pk": 2, "fields": {"password": "pbkdf2_sha256$180000$x1TguIdTxK5S$3PH8z0IYnwqzj2kQOsdKMbsc472203tR9v4a6+nfs5U=", "last_login": "2020-04-20T07:15:09.920Z", "is_superuser": false, "username": "testuser1", "first_name": "", "last_name": "", "email": "", "is_staff": true, "is_active": true, "date_joined": "2020-04-19T11:44:34.387Z", "previous_login": "2020-04-20T07:12:15.627Z", "groups": [1], "user_permissions": []}}, {"model": "userprofiles.userprofile", "pk": 1, "fields": {"user": 1, "user_type": "CS"}}, {"model": "userprofiles.userprofile", "pk": 2, "fields": {"user": 2, "user_type": "SS"}}, {"model": "pages.generalbugreport", "pk": 1, "fields": {"reporting_user": 1, "report_message": "asd"}}, {"model": "pages.generalbugreport", "pk": 2, "fields": {"reporting_user": 1, "report_message": "awcwarfwe"}}, {"model": "pages.questionbugreport", "pk": 2, "fields": {"question": 5, "reason": "AI"}}, {"model": "admin.logentry", "pk": 1, "fields": {"action_time": "2020-03-23T02:38:47.717Z", "user": 1, "content_type": 5, "object_id": "1", "object_repr": "Numbers and Digits", "action_flag": 1, "change_message": "[{\"added\": {}}]"}}, {"model": "admin.logentry", "pk": 2, "fields": {"action_time": "2020-03-23T02:39:04.216Z", "user": 1, "content_type": 5, "object_id": "2", "object_repr": "Place Value", "action_flag": 1, "change_message": "[{\"added\": {}}, {\"added\": {\"name\": \"skill edge\", \"object\": \"Numbers and Digits -> Place Value\"}}]"}}, {"model": "admin.logentry", "pk": 3, "fields": {"action_time": "2020-03-23T02:39:25.230Z", "user": 1, "content_type": 5, "object_id": "3", "object_repr": "Comparison Signs Introduction", "action_flag": 1, "change_message": "[{\"added\": {}}, {\"added\": {\"name\": \"skill edge\", \"object\": \"Numbers and Digits -> Comparison Signs Introduction\"}}]"}}, {"model": "admin.logentry", "pk": 4, "fields": {"action_time": "2020-03-23T02:39:53.079Z", "user": 1, "content_type": 5, "object_id": "4", "object_repr": "Comparing Multi-digit Numbers", "action_flag": 1, "change_message": "[{\"added\": {}}, {\"added\": {\"name\": \"skill edge\", \"object\": \"Comparison Signs Introduction -> Comparing Multi-digit Numbers\"}}, {\"added\": {\"name\": \"skill edge\", \"object\": \"Place Value -> Comparing Multi-digit Numbers\"}}]"}}, {"model": "admin.logentry", "pk": 5, "fields": {"action_time": "2020-03-23T02:40:09.762Z", "user": 1, "content_type": 5, "object_id": "5", "object_repr": "Addition Introduction", "action_flag": 1, "change_message": "[{\"added\": {}}, {\"added\": {\"name\": \"skill edge\", \"object\": \"Numbers and Digits -> Addition Introduction\"}}]"}}, {"model": "admin.logentry", "pk": 6, "fields": {"action_time": "2020-03-23T02:40:26.390Z", "user": 1, "content_type": 5, "object_id": "6", "object_repr": "Long Addition", "action_flag": 1, "change_message": "[{\"added\": {}}, {\"added\": {\"name\": \"skill edge\", \"object\": \"Addition Introduction -> Long Addition\"}}, {\"added\": {\"name\": \"skill edge\", \"object\": \"Place Value -> Long Addition\"}}]"}}, {"model": "admin.logentry", "pk": 7, "fields": {"action_time": "2020-03-23T02:40:39.378Z", "user": 1, "content_type": 5, "object_id": "7", "object_repr": "Subtraction Introduction", "action_flag": 1, "change_message": "[{\"added\": {}}, {\"added\": {\"name\": \"skill edge\", \"object\": \"Numbers and Digits -> Subtraction Introduction\"}}]"}}, {"model": "admin.logentry", "pk": 8, "fields": {"action_time": "2020-03-23T03:11:09.762Z", "user": 1, "content_type": 14, "object_id": "1", "object_repr": "Numbers and Digits", "action_flag": 1, "change_message": "[{\"added\": {}}]"}}, {"model": "admin.logentry", "pk": 9, "fields": {"action_time": "2020-03-23T03:11:34.651Z", "user": 1, "content_type": 14, "object_id": "2", "object_repr": "Comparison Signs Introduction", "action_flag": 1, "change_message": "[{\"added\": {}}]"}}, {"model": "admin.logentry", "pk": 10, "fields": {"action_time": "2020-03-23T03:11:44.606Z", "user": 1, "content_type": 14, "object_id": "3", "object_repr": "Place Value", "action_flag": 1, "change_message": "[{\"added\": {}}]"}}, {"model": "admin.logentry", "pk": 11, "fields": {"action_time": "2020-03-23T03:12:03.786Z", "user": 1, "content_type": 14, "object_id": "4", "object_repr": "Comparing Large Numbers", "action_flag": 1, "change_message": "[{\"added\": {}}]"}}, {"model": "admin.logentry", "pk": 12, "fields": {"action_time": "2020-03-23T03:12:27.352Z", "user": 1, "content_type": 14, "object_id": "5", "object_repr": "Addition Introduction", "action_flag": 1, "change_message": "[{\"added\": {}}]"}}, {"model": "admin.logentry", "pk": 13, "fields": {"action_time": "2020-03-23T03:12:37.620Z", "user": 1, "content_type": 14, "object_id": "6", "object_repr": "Long Addition", "action_flag": 1, "change_message": "[{\"added\": {}}]"}}, {"model": "admin.logentry", "pk": 14, "fields": {"action_time": "2020-03-23T03:12:54.491Z", "user": 1, "content_type": 14, "object_id": "7", "object_repr": "Subtraction Introduction", "action_flag": 1, "change_message": "[{\"added\": {}}]"}}, {"model": "admin.logentry", "pk": 15, "fields": {"action_time": "2020-03-23T03:15:28.082Z", "user": 1, "content_type": 17, "object_id": "1", "object_repr": "Foundations", "action_flag": 1, "change_message": "[{\"added\": {}}]"}}, {"model": "admin.logentry", "pk": 16, "fields": {"action_time": "2020-03-23T03:16:07.754Z", "user": 1, "content_type": 18, "object_id": "1", "object_repr": "Middle School Mathematics", "action_flag": 1, "change_message": "[{\"added\": {}}]"}}, {"model": "admin.logentry", "pk": 17, "fields": {"action_time": "2020-03-23T03:55:16.708Z", "user": 1, "content_type": 13, "object_id": "1", "object_repr": "1 Which of the following is a number?", "action_flag": 1, "change_message": "[{\"added\": {}}, {\"added\": {\"name\": \"answer\", \"object\": \"Book\"}}, {\"added\": {\"name\": \"answer\", \"object\": \"Car\"}}, {\"added\": {\"name\": \"answer\", \"object\": \"Black\"}}, {\"added\": {\"name\": \"answer\", \"object\": \"Seven\"}}]"}}, {"model": "admin.logentry", "pk": 18, "fields": {"action_time": "2020-03-23T03:56:00.584Z", "user": 1, "content_type": 13, "object_id": "2", "object_repr": "1 Which of the following is a number?", "action_flag": 1, "change_message": "[{\"added\": {}}, {\"added\": {\"name\": \"answer\", \"object\": \"Three\"}}, {\"added\": {\"name\": \"answer\", \"object\": \"Pencil\"}}, {\"added\": {\"name\": \"answer\", \"object\": \"Big\"}}, {\"added\": {\"name\": \"answer\", \"object\": \"Quickly\"}}]"}}, {"model": "admin.logentry", "pk": 19, "fields": {"action_time": "2020-03-23T03:56:35.790Z", "user": 1, "content_type": 13, "object_id": "3", "object_repr": "1 Which of the following is NOT a number?", "action_flag": 1, "change_message": "[{\"added\": {}}, {\"added\": {\"name\": \"answer\", \"object\": \"Nine\"}}, {\"added\": {\"name\": \"answer\", \"object\": \"Four\"}}, {\"added\": {\"name\": \"answer\", \"object\": \"Tent\"}}, {\"added\": {\"name\": \"answer\", \"object\": \"Zero\"}}]"}}, {"model": "admin.logentry", "pk": 20, "fields": {"action_time": "2020-03-23T03:57:06.864Z", "user": 1, "content_type": 13, "object_id": "4", "object_repr": "1 Which of the following is NOT a number?", "action_flag": 1, "change_message": "[{\"added\": {}}, {\"added\": {\"name\": \"answer\", \"object\": \"Yellow\"}}, {\"added\": {\"name\": \"answer\", \"object\": \"Five\"}}, {\"added\": {\"name\": \"answer\", \"object\": \"Nine\"}}, {\"added\": {\"name\": \"answer\", \"object\": \"Two\"}}]"}}, {"model": "admin.logentry", "pk": 21, "fields": {"action_time": "2020-03-23T03:57:58.538Z", "user": 1, "content_type": 13, "object_id": "5", "object_repr": "1 Select the digit that represents the number eight.", "action_flag": 1, "change_message": "[{\"added\": {}}, {\"added\": {\"name\": \"answer\", \"object\": \"1\"}}, {\"added\": {\"name\": \"answer\", \"object\": \"4\"}}, {\"added\": {\"name\": \"answer\", \"object\": \"8\"}}, {\"added\": {\"name\": \"answer\", \"object\": \"0\"}}]"}}, {"model": "admin.logentry", "pk": 22, "fields": {"action_time": "2020-03-23T03:58:40.442Z", "user": 1, "content_type": 13, "object_id": "6", "object_repr": "1 Select the digit that represents the number four.", "action_flag": 1, "change_message": "[{\"added\": {}}, {\"added\": {\"name\": \"answer\", \"object\": \"9\"}}, {\"added\": {\"name\": \"answer\", \"object\": \"4\"}}, {\"added\": {\"name\": \"answer\", \"object\": \"6\"}}, {\"added\": {\"name\": \"answer\", \"object\": \"7\"}}]"}}, {"model": "admin.logentry", "pk": 23, "fields": {"action_time": "2020-03-23T03:59:16.944Z", "user": 1, "content_type": 13, "object_id": "7", "object_repr": "1 Select the number that corresponds to the digit 3.", "action_flag": 1, "change_message": "[{\"added\": {}}, {\"added\": {\"name\": \"answer\", \"object\": \"Five\"}}, {\"added\": {\"name\": \"answer\", \"object\": \"Two\"}}, {\"added\": {\"name\": \"answer\", \"object\": \"Nine\"}}, {\"added\": {\"name\": \"answer\", \"object\": \"Three\"}}]"}}, {"model": "admin.logentry", "pk": 24, "fields": {"action_time": "2020-03-23T04:00:02.634Z", "user": 1, "content_type": 13, "object_id": "8", "object_repr": "1 Select the number that corresponds to the digit 6.", "action_flag": 1, "change_message": "[{\"added\": {}}, {\"added\": {\"name\": \"answer\", \"object\": \"Seven\"}}, {\"added\": {\"name\": \"answer\", \"object\": \"Six\"}}, {\"added\": {\"name\": \"answer\", \"object\": \"Zero\"}}, {\"added\": {\"name\": \"answer\", \"object\": \"Three\"}}]"}}, {"model": "admin.logentry", "pk": 25, "fields": {"action_time": "2020-03-23T04:00:57.778Z", "user": 1, "content_type": 13, "object_id": "9", "object_repr": "1 Write the digit that corresponds to the number three.", "action_flag": 1, "change_message": "[{\"added\": {}}, {\"added\": {\"name\": \"answer\", \"object\": \"3\"}}]"}}, {"model": "admin.logentry", "pk": 26, "fields": {"action_time": "2020-03-23T04:01:06.714Z", "user": 1, "content_type": 13, "object_id": "10", "object_repr": "1 Write the digit that corresponds to the number nine.", "action_flag": 1, "change_message": "[{\"added\": {}}, {\"added\": {\"name\": \"answer\", \"object\": \"9\"}}]"}}, {"model": "admin.logentry", "pk": 27, "fields": {"action_time": "2020-03-23T04:01:26.896Z", "user": 1, "content_type": 13, "object_id": "11", "object_repr": "1 Write the digit that corresponds to the number two.", "action_flag": 1, "change_message": "[{\"added\": {}}, {\"added\": {\"name\": \"answer\", \"object\": \"2\"}}]"}}, {"model": "admin.logentry", "pk": 28, "fields": {"action_time": "2020-03-23T04:02:41.361Z", "user": 1, "content_type": 13, "object_id": "12", "object_repr": "2 Write the number twelve using digits.", "action_flag": 1, "change_message": "[{\"added\": {}}, {\"added\": {\"name\": \"answer\", \"object\": \"12\"}}]"}}, {"model": "admin.logentry", "pk": 29, "fields": {"action_time": "2020-03-23T04:02:57.972Z", "user": 1, "content_type": 13, "object_id": "13", "object_repr": "2 Write the number thirteen using digits", "action_flag": 1, "change_message": "[{\"added\": {}}, {\"added\": {\"name\": \"answer\", \"object\": \"13\"}}]"}}, {"model": "admin.logentry", "pk": 30, "fields": {"action_time": "2020-03-23T04:03:20.972Z", "user": 1, "content_type": 13, "object_id": "14", "object_repr": "2 Write the number twenty-three using digits.", "action_flag": 1, "change_message": "[{\"added\": {}}, {\"added\": {\"name\": \"answer\", \"object\": \"23\"}}]"}}, {"model": "admin.logentry", "pk": 31, "fields": {"action_time": "2020-03-23T04:03:35.274Z", "user": 1, "content_type": 13, "object_id": "15", "object_repr": "2 Write the number seventy-four using digits.", "action_flag": 1, "change_message": "[{\"added\": {}}, {\"added\": {\"name\": \"answer\", \"object\": \"74\"}}]"}}, {"model": "admin.logentry", "pk": 32, "fields": {"action_time": "2020-03-23T04:03:50.389Z", "user": 1, "content_type": 13, "object_id": "16", "object_repr": "2 Write the number two-hundred seventy using digits.", "action_flag": 1, "change_message": "[{\"added\": {}}, {\"added\": {\"name\": \"answer\", \"object\": \"270\"}}]"}}, {"model": "admin.logentry", "pk": 33, "fields": {"action_time": "2020-03-23T04:04:07.615Z", "user": 1, "content_type": 13, "object_id": "17", "object_repr": "2 Write the number three-thousand nineteen using digits.", "action_flag": 1, "change_message": "[{\"added\": {}}, {\"added\": {\"name\": \"answer\", \"object\": \"3019\"}}]"}}, {"model": "admin.logentry", "pk": 34, "fields": {"action_time": "2020-03-23T04:04:22.642Z", "user": 1, "content_type": 13, "object_id": "18", "object_repr": "2 What is the digit in the ones' place in 42?", "action_flag": 1, "change_message": "[{\"added\": {}}, {\"added\": {\"name\": \"answer\", \"object\": \"2\"}}]"}}, {"model": "admin.logentry", "pk": 35, "fields": {"action_time": "2020-03-23T04:04:39.320Z", "user": 1, "content_type": 13, "object_id": "19", "object_repr": "2 What is the digit in the tens' place in 90?", "action_flag": 1, "change_message": "[{\"added\": {}}, {\"added\": {\"name\": \"answer\", \"object\": \"9\"}}]"}}, {"model": "admin.logentry", "pk": 36, "fields": {"action_time": "2020-03-23T04:04:50.754Z", "user": 1, "content_type": 13, "object_id": "20", "object_repr": "2 What is the digit in the hundreds' place in 1945?", "action_flag": 1, "change_message": "[{\"added\": {}}, {\"added\": {\"name\": \"answer\", \"object\": \"9\"}}]"}}, {"model": "admin.logentry", "pk": 37, "fields": {"action_time": "2020-03-23T04:04:56.016Z", "user": 1, "content_type": 13, "object_id": "20", "object_repr": "2 What is the digit in the hundreds' place in 1945?", "action_flag": 2, "change_message": "[]"}}, {"model": "admin.logentry", "pk": 38, "fields": {"action_time": "2020-03-23T04:05:16.996Z", "user": 1, "content_type": 13, "object_id": "21", "object_repr": "2 A two-digit number has the digit 2 in its tens' place and the digit 7 in its ones' place. Write down this number using digits.", "action_flag": 1, "change_message": "[{\"added\": {}}, {\"added\": {\"name\": \"answer\", \"object\": \"27\"}}]"}}, {"model": "admin.logentry", "pk": 39, "fields": {"action_time": "2020-03-23T04:05:35.111Z", "user": 1, "content_type": 13, "object_id": "22", "object_repr": "2 A three-digit number has the digit 2 in its hundreds' place, the digit 5 in its tens' place, and the digit 3 in its ones' place. Write down this number using digits.", "action_flag": 1, "change_message": "[{\"added\": {}}, {\"added\": {\"name\": \"answer\", \"object\": \"253\"}}]"}}, {"model": "admin.logentry", "pk": 40, "fields": {"action_time": "2020-03-23T04:05:55.367Z", "user": 1, "content_type": 13, "object_id": "23", "object_repr": "2 A three-digit number has the digit 4 in its ones' place, the digit 0 in its tens' place, and the digit 1 in its hundreds' place. Write down this number using digits.", "action_flag": 1, "change_message": "[{\"added\": {}}, {\"added\": {\"name\": \"answer\", \"object\": \"104\"}}]"}}, {"model": "admin.logentry", "pk": 41, "fields": {"action_time": "2020-03-23T04:08:00.823Z", "user": 1, "content_type": 13, "object_id": "24", "object_repr": "3 Which number below is greater than 6?", "action_flag": 1, "change_message": "[{\"added\": {}}, {\"added\": {\"name\": \"answer\", \"object\": \"1\"}}, {\"added\": {\"name\": \"answer\", \"object\": \"7\"}}, {\"added\": {\"name\": \"answer\", \"object\": \"4\"}}, {\"added\": {\"name\": \"answer\", \"object\": \"3\"}}]"}}, {"model": "admin.logentry", "pk": 42, "fields": {"action_time": "2020-03-23T04:08:27.736Z", "user": 1, "content_type": 13, "object_id": "25", "object_repr": "3 Which number below is less than 7?", "action_flag": 1, "change_message": "[{\"added\": {}}, {\"added\": {\"name\": \"answer\", \"object\": \"7\"}}, {\"added\": {\"name\": \"answer\", \"object\": \"6\"}}, {\"added\": {\"name\": \"answer\", \"object\": \"8\"}}, {\"added\": {\"name\": \"answer\", \"object\": \"9\"}}]"}}, {"model": "admin.logentry", "pk": 43, "fields": {"action_time": "2020-03-23T04:09:43.129Z", "user": 1, "content_type": 13, "object_id": "26", "object_repr": "3 Which sign should go in the box below?\r\n$$ 5 \\square 5 $$", "action_flag": 1, "change_message": "[{\"added\": {}}, {\"added\": {\"name\": \"answer\", \"object\": \"\\\\(<\\\\)\"}}, {\"added\": {\"name\": \"answer\", \"object\": \"\\\\(>\\\\)\"}}, {\"added\": {\"name\": \"answer\", \"object\": \"\\\\(=\\\\)\"}}, {\"added\": {\"name\": \"answer\", \"object\": \"None of the above\"}}]"}}, {"model": "admin.logentry", "pk": 44, "fields": {"action_time": "2020-03-23T04:10:20.806Z", "user": 1, "content_type": 13, "object_id": "27", "object_repr": "3 Which sign should go in the box below?\r\n$$ 6 \\square 0 $$", "action_flag": 1, "change_message": "[{\"added\": {}}, {\"added\": {\"name\": \"answer\", \"object\": \"\\\\(<\\\\)\"}}, {\"added\": {\"name\": \"answer\", \"object\": \"\\\\(>\\\\)\"}}, {\"added\": {\"name\": \"answer\", \"object\": \"\\\\(=\\\\)\"}}, {\"added\": {\"name\": \"answer\", \"object\": \"None of the above\"}}]"}}, {"model": "admin.logentry", "pk": 45, "fields": {"action_time": "2020-03-23T04:12:09.463Z", "user": 1, "content_type": 13, "object_id": "28", "object_repr": "5 Which of the following is the plus sign?", "action_flag": 1, "change_message": "[{\"added\": {}}, {\"added\": {\"name\": \"answer\", \"object\": \"\\\\(+\\\\)\"}}, {\"added\": {\"name\": \"answer\", \"object\": \"\\\\(-\\\\)\"}}, {\"added\": {\"name\": \"answer\", \"object\": \"\\\\(=\\\\)\"}}, {\"added\": {\"name\": \"answer\", \"object\": \"None of the above are correct\"}}]"}}, {"model": "admin.logentry", "pk": 46, "fields": {"action_time": "2020-03-23T04:12:19.691Z", "user": 1, "content_type": 13, "object_id": "27", "object_repr": "3 Which sign should go in the box below?\r\n$$ 6 \\square 0 $$", "action_flag": 2, "change_message": "[{\"changed\": {\"name\": \"answer\", \"object\": \"None of the above are correct\", \"fields\": [\"Answer text\"]}}]"}}, {"model": "admin.logentry", "pk": 47, "fields": {"action_time": "2020-03-23T04:12:27.421Z", "user": 1, "content_type": 13, "object_id": "26", "object_repr": "3 Which sign should go in the box below?\r\n$$ 5 \\square 5 $$", "action_flag": 2, "change_message": "[{\"changed\": {\"name\": \"answer\", \"object\": \"None of the above are correct\", \"fields\": [\"Answer text\"]}}]"}}, {"model": "admin.logentry", "pk": 48, "fields": {"action_time": "2020-03-23T04:12:48.580Z", "user": 1, "content_type": 13, "object_id": "29", "object_repr": "5 Fill in the blank.\r\n$$ 6 + 2 = \\square $$", "action_flag": 1, "change_message": "[{\"added\": {}}, {\"added\": {\"name\": \"answer\", \"object\": \"8\"}}]"}}, {"model": "admin.logentry", "pk": 49, "fields": {"action_time": "2020-03-23T04:13:10.405Z", "user": 1, "content_type": 13, "object_id": "30", "object_repr": "5 Fill in the blank.\r\n$$ 1 + 6 = \\square $$", "action_flag": 1, "change_message": "[{\"added\": {}}, {\"added\": {\"name\": \"answer\", \"object\": \"7\"}}]"}}, {"model": "admin.logentry", "pk": 50, "fields": {"action_time": "2020-03-23T04:13:26.560Z", "user": 1, "content_type": 13, "object_id": "31", "object_repr": "5 Fill in the blank.\r\n$$ 2 + 1 = \\square $$", "action_flag": 1, "change_message": "[{\"added\": {}}, {\"added\": {\"name\": \"answer\", \"object\": \"3\"}}]"}}, {"model": "admin.logentry", "pk": 51, "fields": {"action_time": "2020-03-23T04:13:44.521Z", "user": 1, "content_type": 13, "object_id": "32", "object_repr": "5 Fill in the blank.\r\n$$ 3 + \\square = 5 $$", "action_flag": 1, "change_message": "[{\"added\": {}}, {\"added\": {\"name\": \"answer\", \"object\": \"2\"}}]"}}, {"model": "admin.logentry", "pk": 52, "fields": {"action_time": "2020-03-23T04:14:02.548Z", "user": 1, "content_type": 13, "object_id": "33", "object_repr": "5 Fill in the blank.\r\n$$ 1 + \\square = 5 $$", "action_flag": 1, "change_message": "[{\"added\": {}}, {\"added\": {\"name\": \"answer\", \"object\": \"6\"}}]"}}, {"model": "admin.logentry", "pk": 53, "fields": {"action_time": "2020-03-23T04:14:24.069Z", "user": 1, "content_type": 13, "object_id": "34", "object_repr": "5 Fill in the blank.\r\n$$ 9 + \\square = 9 $$", "action_flag": 1, "change_message": "[{\"added\": {}}, {\"added\": {\"name\": \"answer\", \"object\": \"0\"}}]"}}, {"model": "admin.logentry", "pk": 54, "fields": {"action_time": "2020-03-23T04:14:39.063Z", "user": 1, "content_type": 13, "object_id": "35", "object_repr": "5 Fill in the blank.\r\n$$ 2 + 2 = \\square $$", "action_flag": 1, "change_message": "[{\"added\": {}}, {\"added\": {\"name\": \"answer\", \"object\": \"4\"}}]"}}, {"model": "admin.logentry", "pk": 55, "fields": {"action_time": "2020-03-23T04:21:58.592Z", "user": 1, "content_type": 13, "object_id": "36", "object_repr": "6 Fill in the blank:\r\n$$ 18 + 10 = \\square $$", "action_flag": 1, "change_message": "[{\"added\": {}}, {\"added\": {\"name\": \"answer\", \"object\": \"28\"}}]"}}, {"model": "admin.logentry", "pk": 56, "fields": {"action_time": "2020-03-23T04:22:23.726Z", "user": 1, "content_type": 13, "object_id": "37", "object_repr": "6 Fill in the blank:\r\n$$ 19 + 23 = \\square $$", "action_flag": 1, "change_message": "[{\"added\": {}}, {\"added\": {\"name\": \"answer\", \"object\": \"42\"}}]"}}, {"model": "admin.logentry", "pk": 57, "fields": {"action_time": "2020-03-23T04:22:38.213Z", "user": 1, "content_type": 13, "object_id": "38", "object_repr": "6 Fill in the blank:\r\n$$ 182 + 34 = \\square $$", "action_flag": 1, "change_message": "[{\"added\": {}}, {\"added\": {\"name\": \"answer\", \"object\": \"216\"}}]"}}, {"model": "admin.logentry", "pk": 58, "fields": {"action_time": "2020-03-23T04:22:53.750Z", "user": 1, "content_type": 13, "object_id": "39", "object_repr": "6 Fill in the blank:\r\n$$ 695 + 26 = \\square $$", "action_flag": 1, "change_message": "[{\"added\": {}}, {\"added\": {\"name\": \"answer\", \"object\": \"721\"}}]"}}, {"model": "admin.logentry", "pk": 59, "fields": {"action_time": "2020-03-23T04:23:11.797Z", "user": 1, "content_type": 13, "object_id": "40", "object_repr": "6 Fill in the blank:\r\n$$ 55 + 155 = \\square $$", "action_flag": 1, "change_message": "[{\"added\": {}}, {\"added\": {\"name\": \"answer\", \"object\": \"210\"}}]"}}, {"model": "admin.logentry", "pk": 60, "fields": {"action_time": "2020-03-23T04:23:36.615Z", "user": 1, "content_type": 13, "object_id": "41", "object_repr": "6 Fill in the blank:\r\n$$ 369 + 1024 = \\square $$", "action_flag": 1, "change_message": "[{\"added\": {}}, {\"added\": {\"name\": \"answer\", \"object\": \"1393\"}}]"}}, {"model": "admin.logentry", "pk": 61, "fields": {"action_time": "2020-03-23T04:24:00.481Z", "user": 1, "content_type": 13, "object_id": "42", "object_repr": "6 Fill in the blank:\r\n$$ 93545 + 256= \\square $$", "action_flag": 1, "change_message": "[{\"added\": {}}, {\"added\": {\"name\": \"answer\", \"object\": \"93801\"}}]"}}, {"model": "admin.logentry", "pk": 62, "fields": {"action_time": "2020-03-23T04:24:21.906Z", "user": 1, "content_type": 13, "object_id": "43", "object_repr": "6 Fill in the blank:\r\n$$ 6812 + 10248 = \\square $$", "action_flag": 1, "change_message": "[{\"added\": {}}, {\"added\": {\"name\": \"answer\", \"object\": \"17060\"}}]"}}, {"model": "admin.logentry", "pk": 63, "fields": {"action_time": "2020-03-23T04:34:51.582Z", "user": 1, "content_type": 13, "object_id": "44", "object_repr": "4 Which of the following numbers is greater than 1854?", "action_flag": 1, "change_message": "[{\"added\": {}}, {\"added\": {\"name\": \"answer\", \"object\": \"1849\"}}, {\"added\": {\"name\": \"answer\", \"object\": \"1798\"}}, {\"added\": {\"name\": \"answer\", \"object\": \"1587\"}}, {\"added\": {\"name\": \"answer\", \"object\": \"1860\"}}]"}}, {"model": "admin.logentry", "pk": 64, "fields": {"action_time": "2020-03-23T04:35:28.138Z", "user": 1, "content_type": 13, "object_id": "45", "object_repr": "4 Which of the following numbers is less than 4723?", "action_flag": 1, "change_message": "[{\"added\": {}}, {\"added\": {\"name\": \"answer\", \"object\": \"4680\"}}, {\"added\": {\"name\": \"answer\", \"object\": \"4732\"}}, {\"added\": {\"name\": \"answer\", \"object\": \"5721\"}}, {\"added\": {\"name\": \"answer\", \"object\": \"10021\"}}]"}}, {"model": "admin.logentry", "pk": 65, "fields": {"action_time": "2020-03-23T04:36:18.196Z", "user": 1, "content_type": 13, "object_id": "46", "object_repr": "4 Which of the following numbers is greater than 29371?", "action_flag": 1, "change_message": "[{\"added\": {}}, {\"added\": {\"name\": \"answer\", \"object\": \"28371\"}}, {\"added\": {\"name\": \"answer\", \"object\": \"100000\"}}, {\"added\": {\"name\": \"answer\", \"object\": \"19487\"}}, {\"added\": {\"name\": \"answer\", \"object\": \"9867\"}}]"}}, {"model": "admin.logentry", "pk": 66, "fields": {"action_time": "2020-03-23T04:37:48.093Z", "user": 1, "content_type": 13, "object_id": "47", "object_repr": "4 Which of the following numbers is less than 87412?", "action_flag": 1, "change_message": "[{\"added\": {}}, {\"added\": {\"name\": \"answer\", \"object\": \"9857\"}}, {\"added\": {\"name\": \"answer\", \"object\": \"88001\"}}, {\"added\": {\"name\": \"answer\", \"object\": \"90484\"}}, {\"added\": {\"name\": \"answer\", \"object\": \"All of the numbers above are greater than 87412\"}}]"}}, {"model": "admin.logentry", "pk": 67, "fields": {"action_time": "2020-03-23T04:38:45.857Z", "user": 1, "content_type": 13, "object_id": "48", "object_repr": "4 Which sign should go in the box below?\r\n$$ 55420 \\square 55420 $$", "action_flag": 1, "change_message": "[{\"added\": {}}, {\"added\": {\"name\": \"answer\", \"object\": \"\\\\(<\\\\)\"}}, {\"added\": {\"name\": \"answer\", \"object\": \"\\\\(>\\\\)\"}}, {\"added\": {\"name\": \"answer\", \"object\": \"\\\\(=\\\\)\"}}, {\"added\": {\"name\": \"answer\", \"object\": \"None of the above are correct\"}}]"}}, {"model": "admin.logentry", "pk": 68, "fields": {"action_time": "2020-03-23T04:39:22.262Z", "user": 1, "content_type": 13, "object_id": "49", "object_repr": "4 Which sign should go in the box below?\r\n$$ 84804 \\square 84740 $$", "action_flag": 1, "change_message": "[{\"added\": {}}, {\"added\": {\"name\": \"answer\", \"object\": \"\\\\(<\\\\)\"}}, {\"added\": {\"name\": \"answer\", \"object\": \"\\\\(>\\\\)\"}}, {\"added\": {\"name\": \"answer\", \"object\": \"\\\\(=\\\\)\"}}, {\"added\": {\"name\": \"answer\", \"object\": \"None of the above are correct\"}}]"}}, {"model": "admin.logentry", "pk": 69, "fields": {"action_time": "2020-03-23T04:39:53.032Z", "user": 1, "content_type": 13, "object_id": "50", "object_repr": "4 Which sign should go in the box below?\r\n$$ 1648 \\square 1800 $$", "action_flag": 1, "change_message": "[{\"added\": {}}, {\"added\": {\"name\": \"answer\", \"object\": \"\\\\(<\\\\)\"}}, {\"added\": {\"name\": \"answer\", \"object\": \"\\\\(>\\\\)\"}}, {\"added\": {\"name\": \"answer\", \"object\": \"\\\\(=\\\\)\"}}, {\"added\": {\"name\": \"answer\", \"object\": \"None of the above are correct\"}}]"}}, {"model": "admin.logentry", "pk": 70, "fields": {"action_time": "2020-03-23T04:40:29.260Z", "user": 1, "content_type": 13, "object_id": "51", "object_repr": "3 Which sign should go in the box below?\r\n$$ 4 \\square 1$$", "action_flag": 1, "change_message": "[{\"added\": {}}, {\"added\": {\"name\": \"answer\", \"object\": \"\\\\(<\\\\)\"}}, {\"added\": {\"name\": \"answer\", \"object\": \"\\\\(>\\\\)\"}}, {\"added\": {\"name\": \"answer\", \"object\": \"\\\\(=\\\\)\"}}, {\"added\": {\"name\": \"answer\", \"object\": \"None of the above are correct\"}}]"}}, {"model": "admin.logentry", "pk": 71, "fields": {"action_time": "2020-03-23T04:41:00.168Z", "user": 1, "content_type": 13, "object_id": "52", "object_repr": "3 Which sign should go in the box below?\r\n$$ 8 \\square 9$$", "action_flag": 1, "change_message": "[{\"added\": {}}, {\"added\": {\"name\": \"answer\", \"object\": \"\\\\(<\\\\)\"}}, {\"added\": {\"name\": \"answer\", \"object\": \"\\\\(>\\\\)\"}}, {\"added\": {\"name\": \"answer\", \"object\": \"\\\\(=\\\\)\"}}, {\"added\": {\"name\": \"answer\", \"object\": \"None of the above are correct\"}}]"}}, {"model": "admin.logentry", "pk": 72, "fields": {"action_time": "2020-03-23T04:50:12.202Z", "user": 1, "content_type": 13, "object_id": "53", "object_repr": "7 Which of the following is the minus sign?", "action_flag": 1, "change_message": "[{\"added\": {}}, {\"added\": {\"name\": \"answer\", \"object\": \"\\\\(+\\\\)\"}}, {\"added\": {\"name\": \"answer\", \"object\": \"\\\\(-\\\\)\"}}, {\"added\": {\"name\": \"answer\", \"object\": \"\\\\( \\\\times \\\\)\"}}, {\"added\": {\"name\": \"answer\", \"object\": \"\\\\( \\\\div \\\\)\"}}]"}}, {"model": "admin.logentry", "pk": 73, "fields": {"action_time": "2020-03-23T04:50:34.022Z", "user": 1, "content_type": 13, "object_id": "54", "object_repr": "7 Fill in the blank.\r\n$$ 9 - 4 = \\square $$", "action_flag": 1, "change_message": "[{\"added\": {}}, {\"added\": {\"name\": \"answer\", \"object\": \"5\"}}]"}}, {"model": "admin.logentry", "pk": 74, "fields": {"action_time": "2020-03-23T04:50:47.994Z", "user": 1, "content_type": 13, "object_id": "55", "object_repr": "7 Fill in the blank.\r\n$$ 6-3 = \\square $$", "action_flag": 1, "change_message": "[{\"added\": {}}, {\"added\": {\"name\": \"answer\", \"object\": \"3\"}}]"}}, {"model": "admin.logentry", "pk": 75, "fields": {"action_time": "2020-03-23T04:51:00.030Z", "user": 1, "content_type": 13, "object_id": "56", "object_repr": "7 Fill in the blank.\r\n$$ 7 - 1 =  \\square = $$", "action_flag": 1, "change_message": "[{\"added\": {}}, {\"added\": {\"name\": \"answer\", \"object\": \"6\"}}]"}}, {"model": "admin.logentry", "pk": 76, "fields": {"action_time": "2020-03-23T04:51:14.664Z", "user": 1, "content_type": 13, "object_id": "57", "object_repr": "7 Charlie has 4 pieces of candy. He gives 2 pieces to Harry. How many pieces of candy does Charlie have left?", "action_flag": 1, "change_message": "[{\"added\": {}}, {\"added\": {\"name\": \"answer\", \"object\": \"2\"}}]"}}, {"model": "admin.logentry", "pk": 77, "fields": {"action_time": "2020-03-23T04:51:25.250Z", "user": 1, "content_type": 13, "object_id": "58", "object_repr": "7 Charlie has six socks. He loses one sock after doing laundry. How many socks does Charlie have left?", "action_flag": 1, "change_message": "[{\"added\": {}}, {\"added\": {\"name\": \"answer\", \"object\": \"5\"}}]"}}, {"model": "admin.logentry", "pk": 78, "fields": {"action_time": "2020-03-24T03:40:47.491Z", "user": 1, "content_type": 12, "object_id": "1", "object_repr": "Triangle", "action_flag": 1, "change_message": "[{\"added\": {}}]"}}, {"model": "admin.logentry", "pk": 79, "fields": {"action_time": "2020-03-24T03:41:12.696Z", "user": 1, "content_type": 13, "object_id": "53", "object_repr": "7-Which of the following is the minus sign?", "action_flag": 2, "change_message": "[{\"changed\": {\"fields\": [\"Prompt image\"]}}]"}}, {"model": "admin.logentry", "pk": 80, "fields": {"action_time": "2020-03-24T03:51:49.195Z", "user": 1, "content_type": 13, "object_id": "53", "object_repr": "7-Which of the following is the minus sign?", "action_flag": 2, "change_message": "[{\"changed\": {\"fields\": [\"Prompt image\"]}}]"}}, {"model": "admin.logentry", "pk": 81, "fields": {"action_time": "2020-03-24T03:52:01.938Z", "user": 1, "content_type": 12, "object_id": "1", "object_repr": "Triangle", "action_flag": 3, "change_message": ""}}, {"model": "admin.logentry", "pk": 82, "fields": {"action_time": "2020-03-24T04:12:56.184Z", "user": 1, "content_type": 19, "object_id": "1", "object_repr": "Subject object (1)", "action_flag": 1, "change_message": "[{\"added\": {}}]"}}, {"model": "admin.logentry", "pk": 83, "fields": {"action_time": "2020-03-24T05:32:34.885Z", "user": 1, "content_type": 13, "object_id": "54", "object_repr": "7-Fill in the blank.\r\n$$ 9 - 4 = \\square $$", "action_flag": 2, "change_message": "[{\"changed\": {\"fields\": [\"Prompt image\"]}}]"}}, {"model": "admin.logentry", "pk": 84, "fields": {"action_time": "2020-03-24T05:46:01.436Z", "user": 1, "content_type": 13, "object_id": "54", "object_repr": "7-Fill in the blank.\r\n$$ 9 - 4 = \\square $$", "action_flag": 2, "change_message": "[{\"changed\": {\"fields\": [\"Prompt image\"]}}]"}}, {"model": "admin.logentry", "pk": 85, "fields": {"action_time": "2020-03-24T05:46:22.629Z", "user": 1, "content_type": 13, "object_id": "54", "object_repr": "7-Fill in the blank.\r\n$$ 9 - 4 = \\square $$", "action_flag": 2, "change_message": "[{\"changed\": {\"fields\": [\"Prompt image\"]}}]"}}, {"model": "admin.logentry", "pk": 86, "fields": {"action_time": "2020-03-24T08:15:47.306Z", "user": 1, "content_type": 5, "object_id": "7", "object_repr": "Subtraction Introduction", "action_flag": 2, "change_message": "[{\"added\": {\"name\": \"skill edge\", \"object\": \"Addition Introduction -> Subtraction Introduction\"}}]"}}, {"model": "admin.logentry", "pk": 87, "fields": {"action_time": "2020-03-24T08:16:01.162Z", "user": 1, "content_type": 5, "object_id": "7", "object_repr": "Subtraction Introduction", "action_flag": 2, "change_message": "[{\"deleted\": {\"name\": \"skill edge\", \"object\": \"Addition Introduction -> Subtraction Introduction\"}}]"}}, {"model": "admin.logentry", "pk": 88, "fields": {"action_time": "2020-03-25T01:13:45.913Z", "user": 1, "content_type": 5, "object_id": "7", "object_repr": "Subtraction Introduction", "action_flag": 2, "change_message": "[{\"added\": {\"name\": \"skill edge\", \"object\": \"Addition Introduction -> Subtraction Introduction\"}}]"}}, {"model": "admin.logentry", "pk": 89, "fields": {"action_time": "2020-03-25T01:13:49.133Z", "user": 1, "content_type": 5, "object_id": "7", "object_repr": "Subtraction Introduction", "action_flag": 2, "change_message": "[{\"deleted\": {\"name\": \"skill edge\", \"object\": \"Addition Introduction -> Subtraction Introduction\"}}]"}}, {"model": "admin.logentry", "pk": 90, "fields": {"action_time": "2020-03-25T02:15:14.415Z", "user": 1, "content_type": 8, "object_id": "1", "object_repr": "Jonathan", "action_flag": 2, "change_message": "[{\"changed\": {\"name\": \"skillfulness\", \"object\": \"Numbers and Digits\", \"fields\": [\"Skill level\"]}}, {\"changed\": {\"name\": \"skillfulness\", \"object\": \"Place Value\", \"fields\": [\"Skill level\"]}}, {\"changed\": {\"name\": \"skillfulness\", \"object\": \"Comparison Signs Introduction\", \"fields\": [\"Skill level\"]}}, {\"changed\": {\"name\": \"skillfulness\", \"object\": \"Comparing Multi-digit Numbers\", \"fields\": [\"Skill level\"]}}, {\"changed\": {\"name\": \"skillfulness\", \"object\": \"Addition Introduction\", \"fields\": [\"Skill level\"]}}, {\"changed\": {\"name\": \"skillfulness\", \"object\": \"Long Addition\", \"fields\": [\"Skill level\"]}}, {\"changed\": {\"name\": \"skillfulness\", \"object\": \"Subtraction Introduction\", \"fields\": [\"Skill level\"]}}]"}}, {"model": "admin.logentry", "pk": 91, "fields": {"action_time": "2020-03-25T03:54:01.067Z", "user": 1, "content_type": 8, "object_id": "1", "object_repr": "Jonathan", "action_flag": 2, "change_message": "[{\"changed\": {\"fields\": [\"Currently studying\"]}}]"}}, {"model": "admin.logentry", "pk": 92, "fields": {"action_time": "2020-03-25T11:12:46.437Z", "user": 1, "content_type": 5, "object_id": "7", "object_repr": "Subtraction Introduction", "action_flag": 2, "change_message": "[{\"added\": {\"name\": \"skill edge\", \"object\": \"Addition Introduction -> Subtraction Introduction\"}}]"}}, {"model": "admin.logentry", "pk": 93, "fields": {"action_time": "2020-03-25T11:12:49.466Z", "user": 1, "content_type": 5, "object_id": "7", "object_repr": "Subtraction Introduction", "action_flag": 2, "change_message": "[{\"deleted\": {\"name\": \"skill edge\", \"object\": \"Addition Introduction -> Subtraction Introduction\"}}]"}}, {"model": "admin.logentry", "pk": 94, "fields": {"action_time": "2020-03-27T10:04:54.965Z", "user": 1, "content_type": 5, "object_id": "8", "object_repr": "Recognizing Basic Shapes", "action_flag": 1, "change_message": "[{\"added\": {}}]"}}, {"model": "admin.logentry", "pk": 95, "fields": {"action_time": "2020-03-27T10:06:31.877Z", "user": 1, "content_type": 14, "object_id": "8", "object_repr": "Recognizing Basic Shapes", "action_flag": 1, "change_message": "[{\"added\": {}}]"}}, {"model": "admin.logentry", "pk": 96, "fields": {"action_time": "2020-03-27T10:09:23.914Z", "user": 1, "content_type": 14, "object_id": "8", "object_repr": "Recognizing Basic Shapes", "action_flag": 2, "change_message": "[{\"added\": {\"name\": \"lesson image\", \"object\": \"LessonImage object (1)\"}}, {\"added\": {\"name\": \"lesson image\", \"object\": \"LessonImage object (2)\"}}, {\"added\": {\"name\": \"lesson image\", \"object\": \"LessonImage object (3)\"}}, {\"added\": {\"name\": \"lesson image\", \"object\": \"LessonImage object (4)\"}}]"}}, {"model": "admin.logentry", "pk": 97, "fields": {"action_time": "2020-03-28T13:06:46.224Z", "user": 1, "content_type": 13, "object_id": "59", "object_repr": "8-Which of the following shapes is a circle?", "action_flag": 1, "change_message": "[{\"added\": {}}, {\"added\": {\"name\": \"answer\", \"object\": \"\"}}, {\"added\": {\"name\": \"answer\", \"object\": \"\"}}, {\"added\": {\"name\": \"answer\", \"object\": \"\"}}, {\"added\": {\"name\": \"answer\", \"object\": \"\"}}]"}}, {"model": "admin.logentry", "pk": 98, "fields": {"action_time": "2020-03-28T13:08:22.511Z", "user": 1, "content_type": 13, "object_id": "60", "object_repr": "8-Which of the following is not a shape?", "action_flag": 1, "change_message": "[{\"added\": {}}, {\"added\": {\"name\": \"answer\", \"object\": \"Square\"}}, {\"added\": {\"name\": \"answer\", \"object\": \"Circle\"}}, {\"added\": {\"name\": \"answer\", \"object\": \"Green\"}}, {\"added\": {\"name\": \"answer\", \"object\": \"Triangle\"}}]"}}, {"model": "admin.logentry", "pk": 99, "fields": {"action_time": "2020-03-28T13:09:00.640Z", "user": 1, "content_type": 13, "object_id": "61", "object_repr": "8-Which of the following is a rectangle?", "action_flag": 1, "change_message": "[{\"added\": {}}, {\"added\": {\"name\": \"answer\", \"object\": \"\"}}, {\"added\": {\"name\": \"answer\", \"object\": \"\"}}, {\"added\": {\"name\": \"answer\", \"object\": \"\"}}, {\"added\": {\"name\": \"answer\", \"object\": \"\"}}]"}}, {"model": "admin.logentry", "pk": 100, "fields": {"action_time": "2020-04-01T11:48:37.469Z", "user": 1, "content_type": 8, "object_id": "1", "object_repr": "Jonathan", "action_flag": 2, "change_message": "[{\"changed\": {\"name\": \"skillfulness\", \"object\": \"Long Addition\", \"fields\": [\"Skill level\"]}}]"}}, {"model": "admin.logentry", "pk": 101, "fields": {"action_time": "2020-04-05T20:02:59.796Z", "user": 1, "content_type": 8, "object_id": "1", "object_repr": "Jonathan", "action_flag": 2, "change_message": "[{\"changed\": {\"name\": \"skillfulness\", \"object\": \"Addition Introduction\", \"fields\": [\"Skill level\"]}}]"}}, {"model": "admin.logentry", "pk": 102, "fields": {"action_time": "2020-04-10T01:19:10.962Z", "user": 1, "content_type": 17, "object_id": "1", "object_repr": "Foundations", "action_flag": 2, "change_message": "[]"}}, {"model": "admin.logentry", "pk": 103, "fields": {"action_time": "2020-04-10T01:35:49.904Z", "user": 1, "content_type": 18, "object_id": "1", "object_repr": "Middle School Mathematics", "action_flag": 2, "change_message": "[]"}}, {"model": "admin.logentry", "pk": 104, "fields": {"action_time": "2020-04-14T02:09:45.613Z", "user": 1, "content_type": 8, "object_id": "1", "object_repr": "Jonathan", "action_flag": 2, "change_message": "[{\"changed\": {\"name\": \"skillfulness\", \"object\": \"Addition Introduction\", \"fields\": [\"Skill level\"]}}, {\"changed\": {\"name\": \"skillfulness\", \"object\": \"Long Addition\", \"fields\": [\"Skill level\"]}}]"}}, {"model": "admin.logentry", "pk": 105, "fields": {"action_time": "2020-04-17T01:02:12.369Z", "user": 1, "content_type": 13, "object_id": "56", "object_repr": "7-Fill in the blank.\r\n$$ 7 - 1 =  \\square $$", "action_flag": 2, "change_message": "[{\"changed\": {\"fields\": [\"Question prompt\"]}}]"}}, {"model": "admin.logentry", "pk": 106, "fields": {"action_time": "2020-04-17T03:15:31.791Z", "user": 1, "content_type": 5, "object_id": "10", "object_repr": "Long Subtraction", "action_flag": 1, "change_message": "[{\"added\": {}}, {\"added\": {\"name\": \"skill edge\", \"object\": \"Subtraction Introduction -> Long Subtraction\"}}, {\"added\": {\"name\": \"skill edge\", \"object\": \"Place Value -> Long Subtraction\"}}, {\"added\": {\"name\": \"skill edge\", \"object\": \"Comparison Signs Introduction -> Long Subtraction\"}}]"}}, {"model": "admin.logentry", "pk": 107, "fields": {"action_time": "2020-04-17T03:16:32.881Z", "user": 1, "content_type": 14, "object_id": "9", "object_repr": "Long Subtraction", "action_flag": 1, "change_message": "[{\"added\": {}}]"}}, {"model": "admin.logentry", "pk": 108, "fields": {"action_time": "2020-04-17T03:17:37.454Z", "user": 1, "content_type": 17, "object_id": "1", "object_repr": "Foundations", "action_flag": 2, "change_message": "[{\"changed\": {\"fields\": [\"Lessons\"]}}]"}}, {"model": "admin.logentry", "pk": 109, "fields": {"action_time": "2020-04-17T10:52:46.431Z", "user": 1, "content_type": 17, "object_id": "1", "object_repr": "Foundations", "action_flag": 2, "change_message": "[{\"changed\": {\"fields\": [\"Description\"]}}]"}}, {"model": "admin.logentry", "pk": 110, "fields": {"action_time": "2020-04-19T11:44:34.931Z", "user": 1, "content_type": 4, "object_id": "2", "object_repr": "testuser1", "action_flag": 1, "change_message": "[{\"added\": {}}]"}}, {"model": "admin.logentry", "pk": 111, "fields": {"action_time": "2020-04-19T12:02:41.869Z", "user": 1, "content_type": 13, "object_id": "62", "object_repr": "10-Fill in the blank:\r\n$$ 195 - 64 = \\square $$", "action_flag": 1, "change_message": "[{\"added\": {}}, {\"added\": {\"name\": \"answer\", \"object\": \"131\"}}]"}}, {"model": "admin.logentry", "pk": 112, "fields": {"action_time": "2020-04-19T12:53:43.142Z", "user": 1, "content_type": 13, "object_id": "54", "object_repr": "7-Fill in the blank.\r\n$$ 9 - 4 = \\square $$", "action_flag": 2, "change_message": "[{\"changed\": {\"fields\": [\"Prompt image\"]}}]"}}, {"model": "admin.logentry", "pk": 113, "fields": {"action_time": "2020-04-20T07:03:12.744Z", "user": 1, "content_type": 4, "object_id": "2", "object_repr": "testuser1", "action_flag": 2, "change_message": "[{\"changed\": {\"fields\": [\"Staff status\"]}}]"}}, {"model": "admin.logentry", "pk": 114, "fields": {"action_time": "2020-04-20T07:11:46.477Z", "user": 1, "content_type": 2, "object_id": "1", "object_repr": "Developer", "action_flag": 1, "change_message": "[{\"added\": {}}]"}}, {"model": "admin.logentry", "pk": 115, "fields": {"action_time": "2020-04-20T07:12:05.235Z", "user": 1, "content_type": 4, "object_id": "2", "object_repr": "testuser1", "action_flag": 2, "change_message": "[{\"changed\": {\"fields\": [\"Groups\"]}}]"}}, {"model": "admin.logentry", "pk": 116, "fields": {"action_time": "2020-04-20T07:14:58.005Z", "user": 1, "content_type": 2, "object_id": "1", "object_repr": "Developer", "action_flag": 2, "change_message": "[{\"changed\": {\"fields\": [\"Permissions\"]}}]"}}, {"model": "admin.logentry", "pk": 117, "fields": {"action_time": "2020-04-20T07:17:19.196Z", "user": 1, "content_type": 2, "object_id": "1", "object_repr": "Developer", "action_flag": 2, "change_message": "[{\"changed\": {\"fields\": [\"Permissions\"]}}]"}}, {"model": "admin.logentry", "pk": 118, "fields": {"action_time": "2020-04-20T11:53:49.459Z", "user": 1, "content_type": 8, "object_id": "1", "object_repr": "Jonathan", "action_flag": 2, "change_message": "[{\"added\": {\"name\": \"currently studying\", \"object\": \"CurrentlyStudying object (1)\"}}]"}}, {"model": "admin.logentry", "pk": 119, "fields": {"action_time": "2020-04-22T10:03:38.193Z", "user": 1, "content_type": 5, "object_id": "8", "object_repr": "Recognizing Basic Shapes", "action_flag": 2, "change_message": "[{\"added\": {\"name\": \"skill edge\", \"object\": \"Numbers and Digits -> Recognizing Basic Shapes\"}}]"}}, {"model": "admin.logentry", "pk": 120, "fields": {"action_time": "2020-04-22T10:03:49.760Z", "user": 1, "content_type": 5, "object_id": "8", "object_repr": "Recognizing Basic Shapes", "action_flag": 2, "change_message": "[{\"deleted\": {\"name\": \"skill edge\", \"object\": \"Numbers and Digits -> Recognizing Basic Shapes\"}}]"}}, {"model": "admin.logentry", "pk": 121, "fields": {"action_time": "2020-04-22T10:07:39.639Z", "user": 1, "content_type": 5, "object_id": "8", "object_repr": "Recognizing Basic Shapes", "action_flag": 2, "change_message": "[{\"added\": {\"name\": \"skill edge\", \"object\": \"Numbers and Digits -> Recognizing Basic Shapes\"}}]"}}, {"model": "admin.logentry", "pk": 122, "fields": {"action_time": "2020-04-22T10:08:19.237Z", "user": 1, "content_type": 5, "object_id": "8", "object_repr": "Recognizing Basic Shapes", "action_flag": 2, "change_message": "[{\"deleted\": {\"name\": \"skill edge\", \"object\": \"Numbers and Digits -> Recognizing Basic Shapes\"}}]"}}, {"model": "admin.logentry", "pk": 123, "fields": {"action_time": "2020-04-24T09:10:01.214Z", "user": 1, "content_type": 5, "object_id": "8", "object_repr": "Recognizing Basic Shapes", "action_flag": 2, "change_message": "[{\"added\": {\"name\": \"skill edge\", \"object\": \"Recognizing Basic Shapes -> Recognizing Basic Shapes\"}}]"}}, {"model": "admin.logentry", "pk": 124, "fields": {"action_time": "2020-04-24T09:10:25.289Z", "user": 1, "content_type": 5, "object_id": "8", "object_repr": "Recognizing Basic Shapes", "action_flag": 2, "change_message": "[{\"deleted\": {\"name\": \"skill edge\", \"object\": \"Recognizing Basic Shapes -> Recognizing Basic Shapes\"}}]"}}, {"model": "admin.logentry", "pk": 125, "fields": {"action_time": "2020-04-24T10:50:15.940Z", "user": 1, "content_type": 8, "object_id": "1", "object_repr": "Jonathan", "action_flag": 2, "change_message": "[{\"changed\": {\"name\": \"skillfulness\", \"object\": \"Long Addition\", \"fields\": [\"Skill level\"]}}]"}}, {"model": "admin.logentry", "pk": 126, "fields": {"action_time": "2020-04-25T09:15:13.175Z", "user": 1, "content_type": 8, "object_id": "1", "object_repr": "Jonathan", "action_flag": 2, "change_message": "[{\"changed\": {\"name\": \"skillfulness\", \"object\": \"Addition Introduction\", \"fields\": [\"Skill level\"]}}]"}}]